controller,scenario,trial,seed,collision,min_separation,colreg_compliance,path_efficiency,avg_speed,path_length
CC-CBF,head_on,0,0,0,15.559,1.0,1.0147,2.8226,197.09
CC-CBF,head_on,1,1,0,16.551,1.0,1.0135,2.6632,197.34
CC-CBF,head_on,2,2,0,13.378,0.9393,1.0105,2.8611,197.92
CC-CBF,head_on,3,3,0,14.952,1.0,0.9818,2.6716,203.71
CC-CBF,head_on,4,4,0,13.039,0.9296,1.0034,2.6864,199.33
CC-CBF,head_on,5,5,0,13.041,1.0,0.9595,2.6672,208.44
CC-CBF,head_on,6,6,0,14.757,1.0,1.0225,2.6905,195.6
CC-CBF,head_on,7,7,0,15.846,1.0,1.0013,2.7974,199.74
CC-CBF,head_on,8,8,0,14.83,0.8592,1.0175,2.6598,196.56
CC-CBF,head_on,9,9,0,15.521,1.0,1.0256,2.6713,195.01
CC-CBF,head_on,10,10,0,12.992,0.9415,1.0035,2.8685,199.3
CC-CBF,head_on,11,11,0,15.956,1.0,1.0067,2.8039,198.66
CC-CBF,head_on,12,12,0,15.519,0.9855,1.0143,2.6735,197.17
CC-CBF,head_on,13,13,0,13.182,1.0,0.9383,2.6727,213.15
CC-CBF,head_on,14,14,0,14.481,1.0,0.9774,2.661,204.63
CC-CBF,head_on,15,15,0,13.068,0.9981,0.9449,2.6709,211.67
CC-CBF,head_on,16,16,0,17.157,1.0,1.0273,2.6634,194.69
CC-CBF,head_on,17,17,0,12.327,0.9831,0.9234,2.7055,216.58
CC-CBF,head_on,18,18,0,17.013,1.0,1.0207,2.6624,195.95
CC-CBF,head_on,19,19,0,17.5,1.0,1.0412,2.8176,192.09
CC-CBF,head_on,20,20,0,13.575,1.0,0.9645,2.6757,207.36
CC-CBF,head_on,21,21,0,13.239,1.0,0.9419,2.6575,212.33
CC-CBF,head_on,22,22,0,15.205,0.9971,1.0123,2.7825,197.57
CC-CBF,head_on,23,23,0,14.901,1.0,0.995,2.8033,201.0
CC-CBF,head_on,24,24,0,11.16,0.971,0.9039,2.7901,221.26
CC-CBF,head_on,25,25,0,16.282,1.0,1.0248,2.6644,195.17
CC-CBF,head_on,26,26,0,15.531,1.0,1.0338,2.7916,193.46
CC-CBF,head_on,27,27,0,15.51,1.0,1.0366,2.8229,192.94
CC-CBF,head_on,28,28,0,13.662,0.945,1.0093,2.8696,198.15
CC-CBF,head_on,29,29,0,15.498,1.0,0.9985,2.6761,200.3
CC-CBF,head_on,30,30,0,12.57,0.9888,0.9312,2.6646,214.77
CC-CBF,head_on,31,31,0,13.344,1.0,0.9526,2.7004,209.96
CC-CBF,head_on,32,32,0,17.077,1.0,1.0289,2.9107,194.38
CC-CBF,head_on,33,33,0,15.719,1.0,1.0095,2.8611,198.13
CC-CBF,head_on,34,34,0,14.968,1.0,1.016,2.6765,196.85
CC-CBF,head_on,35,35,0,14.68,1.0,0.9863,2.7816,202.79
CC-CBF,head_on,36,36,0,16.647,1.0,1.0192,2.6535,196.23
CC-CBF,head_on,37,37,0,12.934,1.0,0.9473,2.6726,211.13
CC-CBF,head_on,38,38,0,13.833,1.0,0.9734,2.7877,205.46
CC-CBF,head_on,39,39,0,16.583,1.0,1.0174,2.6674,196.59
CC-CBF,head_on,40,40,0,16.154,1.0,1.031,2.6648,194.0
CC-CBF,head_on,41,41,0,16.472,1.0,1.0118,2.8378,197.66
CC-CBF,head_on,42,42,0,13.986,1.0,0.9701,2.6672,206.17
CC-CBF,head_on,43,43,0,15.28,1.0,0.9913,2.775,201.75
CC-CBF,head_on,44,44,0,13.149,0.9948,0.9442,2.6677,211.82
CC-CBF,head_on,45,45,0,13.425,0.9947,0.9424,2.6577,212.22
CC-CBF,head_on,46,46,0,14.334,1.0,0.9827,2.6761,203.52
CC-CBF,head_on,47,47,0,16.69,1.0,1.0213,2.6572,195.84
CC-CBF,head_on,48,48,0,11.549,0.9722,0.9037,2.6649,221.32
CC-CBF,head_on,49,49,0,13.763,1.0,0.9555,2.6732,209.31
C3BF,head_on,0,0,0,26.88,0.8452,0.9627,2.7444,207.76
C3BF,head_on,1,1,0,27.06,1.0,0.9605,2.7218,208.22
C3BF,head_on,2,2,0,30.713,0.6343,0.9761,2.8183,204.9
C3BF,head_on,3,3,0,26.999,0.0856,0.9442,2.828,211.82
C3BF,head_on,4,4,0,30.525,0.6313,0.9752,2.7978,205.09
C3BF,head_on,5,5,0,27.0,0.4108,0.9653,2.7261,207.18
C3BF,head_on,6,6,0,31.339,0.6405,0.9897,2.7531,202.08
C3BF,head_on,7,7,0,25.558,0.8221,0.9537,2.7128,209.7
C3BF,head_on,8,8,0,29.657,0.2486,0.9827,2.7428,203.52
C3BF,head_on,9,9,0,32.518,0.6524,0.9911,2.7815,201.8
C3BF,head_on,10,10,0,28.853,0.5263,0.9784,2.7383,204.42
C3BF,head_on,11,11,0,26.276,0.8377,0.9562,2.7376,209.16
C3BF,head_on,12,12,0,30.142,0.6305,0.9853,2.7338,202.99
C3BF,head_on,13,13,0,27.751,0.1096,0.9672,2.7314,206.77
C3BF,head_on,14,14,0,25.45,0.0377,0.9532,2.7303,209.82
C3BF,head_on,15,15,0,27.71,0.4418,0.9686,2.7366,206.48
C3BF,head_on,16,16,0,28.787,1.0,0.9676,2.7542,206.71
C3BF,head_on,17,17,0,28.11,0.4733,0.9738,2.7421,205.39
C3BF,head_on,18,18,0,28.132,1.0,0.964,2.7569,207.46
C3BF,head_on,19,19,0,30.993,1.0,0.9902,2.7686,201.97
C3BF,head_on,20,20,0,26.865,0.4078,0.9625,2.7342,207.8
C3BF,head_on,21,21,0,27.696,0.1067,0.9663,2.7541,206.98
C3BF,head_on,22,22,0,30.673,0.6365,0.9825,2.8058,203.57
C3BF,head_on,23,23,0,24.591,0.3523,0.9447,2.7691,211.71
C3BF,head_on,24,24,0,28.661,0.5006,0.982,2.7209,203.66
C3BF,head_on,25,25,0,31.718,0.3768,0.9858,2.7753,202.88
C3BF,head_on,26,26,0,33.593,0.658,0.9965,2.772,200.7
C3BF,head_on,27,27,0,33.494,0.652,1.0038,2.7125,199.24
C3BF,head_on,28,28,0,29.235,0.5502,0.9816,2.7112,203.75
C3BF,head_on,29,29,0,25.589,0.8133,0.9481,2.7664,210.94
C3BF,head_on,30,30,0,29.019,0.5464,0.9664,2.8328,206.94
C3BF,head_on,31,31,0,26.816,0.4137,0.9656,2.7344,207.13
C3BF,head_on,32,32,0,29.683,1.0,0.9717,2.8023,205.83
C3BF,head_on,33,33,0,26.152,0.8266,0.9586,2.7362,208.64
C3BF,head_on,34,34,0,31.428,0.649,0.9834,2.8032,203.38
C3BF,head_on,35,35,0,26.434,0.4044,0.9429,2.8374,212.11
C3BF,head_on,36,36,0,31.388,0.3529,0.9878,2.7304,202.46
C3BF,head_on,37,37,0,27.6,0.4448,0.9673,2.7531,206.76
C3BF,head_on,38,38,0,26.628,0.4162,0.9527,2.8158,209.93
C3BF,head_on,39,39,0,28.724,1.0,0.9543,2.8283,209.58
C3BF,head_on,40,40,0,32.113,0.381,0.998,2.7229,200.41
C3BF,head_on,41,41,0,26.235,0.8201,0.961,3.1434,208.12
C3BF,head_on,42,42,0,26.276,0.3958,0.9567,2.7634,209.06
C3BF,head_on,43,43,0,24.517,0.3399,0.9455,2.74,211.53
C3BF,head_on,44,44,0,28.433,0.1684,0.9624,2.8063,207.82
C3BF,head_on,45,45,0,28.717,0.1717,0.9626,2.8077,207.78
C3BF,head_on,46,46,0,26.09,0.3976,0.9486,2.8054,210.83
C3BF,head_on,47,47,0,27.448,1.0,0.9651,2.7266,207.22
C3BF,head_on,48,48,0,29.52,0.5658,0.9725,2.7735,205.66
C3BF,head_on,49,49,0,27.057,0.4134,0.9627,2.7442,207.74
Rule-COLREG,head_on,0,0,0,11.879,0.8983,1.0382,2.67,192.64
Rule-COLREG,head_on,1,1,0,11.981,1.0,1.0375,2.6717,192.76
Rule-COLREG,head_on,2,2,0,9.663,0.8844,0.9675,2.6521,206.73
Rule-COLREG,head_on,3,3,0,10.812,1.0,1.0167,2.6655,196.71
Rule-COLREG,head_on,4,4,0,9.397,0.8466,0.9676,2.605,206.7
Rule-COLREG,head_on,5,5,0,10.524,0.8996,1.004,2.6632,199.2
Rule-COLREG,head_on,6,6,0,6.418,0.8404,0.937,2.663,213.44
Rule-COLREG,head_on,7,7,0,11.74,0.8934,1.0312,2.6679,193.96
Rule-COLREG,head_on,8,8,0,5.878,1.0,0.9567,2.6596,209.04
Rule-COLREG,head_on,9,9,1,0.0,0.7251,0.9787,2.5655,204.35
Rule-COLREG,head_on,10,10,0,9.68,0.8811,0.97,2.6621,206.18
Rule-COLREG,head_on,11,11,0,11.836,0.8986,1.0347,2.6643,193.29
Rule-COLREG,head_on,12,12,0,5.774,0.8399,0.9447,2.6563,211.7
Rule-COLREG,head_on,13,13,0,9.798,1.0,0.9872,2.6605,202.59
Rule-COLREG,head_on,14,14,0,10.785,1.0,1.0138,2.6677,197.28
Rule-COLREG,head_on,15,15,0,10.295,0.8948,0.9934,2.672,201.33
Rule-COLREG,head_on,16,16,0,12.442,1.0,1.044,2.6663,191.57
Rule-COLREG,head_on,17,17,0,10.062,0.9008,0.9844,2.6697,203.17
Rule-COLREG,head_on,18,18,0,12.175,1.0,1.0418,2.6608,191.98
Rule-COLREG,head_on,19,19,0,16.667,0.8651,1.0489,2.6575,190.67
Rule-COLREG,head_on,20,20,0,10.563,0.8975,1.0054,2.6647,198.92
Rule-COLREG,head_on,21,21,0,10.046,1.0,0.9903,2.6661,201.96
Rule-COLREG,head_on,22,22,0,5.469,0.8789,0.9582,2.6123,208.72
Rule-COLREG,head_on,23,23,0,11.169,0.8981,1.0258,2.6781,194.96
Rule-COLREG,head_on,24,24,0,10.193,0.8986,0.9786,2.6628,204.37
Rule-COLREG,head_on,25,25,1,0.0,1.0,0.9818,2.5732,203.72
Rule-COLREG,head_on,26,26,0,3.756,0.8596,1.0379,2.669,192.7
Rule-COLREG,head_on,27,27,0,4.673,0.875,1.0347,2.6405,193.28
Rule-COLREG,head_on,28,28,0,9.477,0.8474,0.9649,2.6643,207.28
Rule-COLREG,head_on,29,29,0,11.668,0.9035,1.0287,2.6742,194.41
Rule-COLREG,head_on,30,30,0,10.169,0.8988,0.9865,2.6624,202.74
Rule-COLREG,head_on,31,31,0,10.168,0.8913,0.9969,2.6662,200.63
Rule-COLREG,head_on,32,32,0,12.893,0.8833,1.0465,2.6636,191.11
Rule-COLREG,head_on,33,33,0,11.655,0.8959,1.0365,2.6671,192.96
Rule-COLREG,head_on,34,34,0,2.051,0.8189,0.9739,2.6568,205.37
Rule-COLREG,head_on,35,35,0,10.883,0.8994,1.0209,2.66,195.91
Rule-COLREG,head_on,36,36,1,0.0,1.0,0.9937,2.5721,201.26
Rule-COLREG,head_on,37,37,0,10.08,0.8934,0.9923,2.6625,201.55
Rule-COLREG,head_on,38,38,0,10.794,0.8998,1.0114,2.6649,197.74
Rule-COLREG,head_on,39,39,0,12.284,1.0,1.0394,2.665,192.42
Rule-COLREG,head_on,40,40,0,7.378,0.871,1.0456,2.6658,191.27
Rule-COLREG,head_on,41,41,0,12.176,0.8979,1.0387,2.6686,192.54
Rule-COLREG,head_on,42,42,0,10.697,0.9052,1.0099,2.6763,198.05
Rule-COLREG,head_on,43,43,0,11.272,0.8978,1.0247,2.6682,195.18
Rule-COLREG,head_on,44,44,0,10.153,1.0,0.9914,2.6353,201.73
Rule-COLREG,head_on,45,45,0,10.0,1.0,0.9902,2.6699,201.97
Rule-COLREG,head_on,46,46,0,10.885,0.8942,1.0161,2.6762,196.84
Rule-COLREG,head_on,47,47,0,12.164,1.0,1.0404,2.6682,192.24
Rule-COLREG,head_on,48,48,0,9.822,0.8957,0.9783,2.6618,204.43
Rule-COLREG,head_on,49,49,0,10.457,0.8983,1.0025,2.6688,199.49
Geo-CRI,head_on,0,0,0,11.358,0.74,1.0303,2.6609,194.11
Geo-CRI,head_on,1,1,0,11.082,0.9074,1.024,2.6627,195.31
Geo-CRI,head_on,2,2,0,11.573,0.6434,1.0455,2.6698,191.29
Geo-CRI,head_on,3,3,0,7.128,0.9186,0.9695,2.66,206.29
Geo-CRI,head_on,4,4,0,11.543,0.6782,1.0443,2.6599,191.51
Geo-CRI,head_on,5,5,0,7.525,0.7603,1.0384,2.6548,192.6
Geo-CRI,head_on,6,6,0,13.188,0.6364,1.0524,2.6598,190.04
Geo-CRI,head_on,7,7,0,10.302,0.7628,1.0059,2.66,198.83
Geo-CRI,head_on,8,8,0,11.671,0.6058,1.0477,2.6716,190.89
Geo-CRI,head_on,9,9,0,12.571,0.6324,1.0519,2.6574,190.14
Geo-CRI,head_on,10,10,0,11.362,0.6262,1.0473,2.6579,190.97
Geo-CRI,head_on,11,11,0,10.4,0.7554,1.0144,2.6626,197.17
Geo-CRI,head_on,12,12,0,12.373,0.6295,1.0521,2.6569,190.1
Geo-CRI,head_on,13,13,0,8.108,0.8864,1.0455,2.6568,191.29
Geo-CRI,head_on,14,14,0,5.564,0.9156,0.976,2.6612,204.91
Geo-CRI,head_on,15,15,0,8.811,0.7569,1.0412,2.6586,192.08
Geo-CRI,head_on,16,16,0,11.995,0.9037,1.0412,2.6622,192.08
Geo-CRI,head_on,17,17,0,11.215,0.7018,1.0433,2.6588,191.7
Geo-CRI,head_on,18,18,0,11.332,0.895,1.0354,2.6626,193.17
Geo-CRI,head_on,19,19,0,12.164,0.7778,1.0518,2.6576,190.15
Geo-CRI,head_on,20,20,0,6.06,0.7606,1.043,2.6432,191.76
Geo-CRI,head_on,21,21,0,2.94,0.839,1.0534,2.6591,189.86
Geo-CRI,head_on,22,22,0,11.684,0.6321,1.0489,2.6613,190.68
Geo-CRI,head_on,23,23,0,10.308,0.7603,0.9946,2.6706,201.1
Geo-CRI,head_on,24,24,0,10.8,0.7032,1.0433,2.6644,191.7
Geo-CRI,head_on,25,25,0,12.883,0.6139,1.0527,2.6553,189.99
Geo-CRI,head_on,26,26,0,15.373,0.6503,1.0531,2.6581,189.92
Geo-CRI,head_on,27,27,0,18.288,0.6756,1.0521,2.6569,190.1
Geo-CRI,head_on,28,28,0,11.958,0.621,1.0485,2.9731,190.74
Geo-CRI,head_on,29,29,0,10.393,0.7609,1.0056,2.6607,198.89
Geo-CRI,head_on,30,30,0,8.11,0.7553,1.0439,2.6536,191.59
Geo-CRI,head_on,31,31,0,7.915,0.7614,1.0409,2.6614,192.15
Geo-CRI,head_on,32,32,0,12.169,0.7854,1.0472,2.6599,190.98
Geo-CRI,head_on,33,33,0,10.853,0.7445,1.0215,2.6619,195.79
Geo-CRI,head_on,34,34,0,12.632,0.6314,1.0519,2.6573,190.13
Geo-CRI,head_on,35,35,0,9.055,0.7594,0.9805,2.6404,203.97
Geo-CRI,head_on,36,36,0,12.559,0.6086,1.0522,2.6565,190.07
Geo-CRI,head_on,37,37,0,2.902,0.7224,1.0528,2.6588,189.97
Geo-CRI,head_on,38,38,0,4.868,0.7567,1.0443,2.6582,191.52
Geo-CRI,head_on,39,39,0,11.097,0.9062,1.0244,2.6616,195.23
Geo-CRI,head_on,40,40,0,13.389,0.6142,1.0521,2.6551,190.1
Geo-CRI,head_on,41,41,0,11.499,0.7509,1.0309,2.6594,194.01
Geo-CRI,head_on,42,42,0,6.95,0.764,0.9668,2.6641,206.87
Geo-CRI,head_on,43,43,0,10.068,0.7717,0.9978,2.6636,200.44
Geo-CRI,head_on,44,44,0,8.676,0.8394,1.0423,2.6576,191.88
Geo-CRI,head_on,45,45,0,5.812,0.8991,1.0468,2.6592,191.06
Geo-CRI,head_on,46,46,0,9.991,0.7726,0.9917,2.6712,201.68
Geo-CRI,head_on,47,47,0,11.496,0.8924,1.0356,2.6583,193.13
Geo-CRI,head_on,48,48,0,10.492,0.7473,1.0423,2.6578,191.89
Geo-CRI,head_on,49,49,0,5.909,0.7634,1.0445,2.6412,191.49
TC-CBF,head_on,0,0,0,14.713,1.0,1.0198,2.6611,196.12
TC-CBF,head_on,1,1,0,15.742,1.0,1.0092,2.6601,198.18
TC-CBF,head_on,2,2,0,20.189,0.8714,1.013,2.6662,197.43
TC-CBF,head_on,3,3,0,14.712,0.9103,0.9845,2.659,203.15
TC-CBF,head_on,4,4,0,20.206,0.8637,1.0114,2.8868,197.76
TC-CBF,head_on,5,5,0,16.388,0.8512,1.0036,2.6624,199.28
TC-CBF,head_on,6,6,0,22.288,0.8981,1.0236,2.6673,195.38
TC-CBF,head_on,7,7,0,15.112,1.0,0.9985,2.6548,200.3
TC-CBF,head_on,8,8,0,20.124,0.7108,1.0195,2.6617,196.17
TC-CBF,head_on,9,9,0,21.785,0.8733,1.0296,2.6609,194.24
TC-CBF,head_on,10,10,0,19.938,0.8748,1.0129,2.6576,197.46
TC-CBF,head_on,11,11,0,15.038,1.0,1.0047,2.6559,199.06
TC-CBF,head_on,12,12,0,20.848,0.8737,1.0242,2.6568,195.28
TC-CBF,head_on,13,13,0,17.415,0.7471,1.0062,2.6592,198.77
TC-CBF,head_on,14,14,0,14.765,0.9079,0.9878,2.6623,202.47
TC-CBF,head_on,15,15,0,17.478,0.8446,1.0068,2.6629,198.65
TC-CBF,head_on,16,16,0,16.149,1.0,1.0268,2.6572,194.78
TC-CBF,head_on,17,17,0,19.103,0.8618,1.0094,2.6596,198.14
TC-CBF,head_on,18,18,0,15.957,1.0,1.0187,2.6604,196.34
TC-CBF,head_on,19,19,0,16.311,1.0,1.0485,2.666,190.75
TC-CBF,head_on,20,20,0,16.08,0.8463,1.0032,2.6671,199.36
TC-CBF,head_on,21,21,0,16.997,0.7739,1.0051,2.6585,198.99
TC-CBF,head_on,22,22,0,19.962,0.8526,1.0236,2.9271,195.4
TC-CBF,head_on,23,23,0,13.981,1.0,0.9901,2.663,201.99
TC-CBF,head_on,24,24,0,19.789,0.8711,1.0106,2.6616,197.89
TC-CBF,head_on,25,25,0,22.243,0.7283,1.0273,2.6579,194.69
TC-CBF,head_on,26,26,0,24.065,0.8962,1.0324,2.663,193.73
TC-CBF,head_on,27,27,0,23.032,0.9073,1.0397,2.6589,192.37
TC-CBF,head_on,28,28,0,20.408,0.8784,1.0148,2.6632,197.08
TC-CBF,head_on,29,29,0,14.545,1.0,0.9942,2.6557,201.17
TC-CBF,head_on,30,30,0,18.053,0.8536,1.0066,2.6615,198.68
TC-CBF,head_on,31,31,0,17.097,0.8529,1.0032,2.6618,199.37
TC-CBF,head_on,32,32,0,16.115,1.0,1.0355,2.6605,193.15
TC-CBF,head_on,33,33,0,14.71,1.0,1.01,2.6562,198.02
TC-CBF,head_on,34,34,0,20.633,0.8693,1.0269,2.6643,194.76
TC-CBF,head_on,35,35,0,13.669,1.0,0.9789,2.6535,204.32
TC-CBF,head_on,36,36,0,21.621,0.7149,1.0265,2.6562,194.83
TC-CBF,head_on,37,37,0,17.058,0.8286,1.0062,2.9121,198.77
TC-CBF,head_on,38,38,0,14.963,0.8849,0.9981,2.6646,200.38
TC-CBF,head_on,39,39,0,15.623,1.0,1.0123,2.6572,197.56
TC-CBF,head_on,40,40,0,22.515,0.756,1.0336,2.6561,193.49
TC-CBF,head_on,41,41,0,15.364,1.0,1.0161,2.66,196.84
TC-CBF,head_on,42,42,0,15.247,0.89,0.9974,2.6629,200.52
TC-CBF,head_on,43,43,0,14.502,1.0,0.9847,2.6601,203.1
TC-CBF,head_on,44,44,0,17.409,0.7455,1.0069,2.6573,198.63
TC-CBF,head_on,45,45,0,17.069,0.749,1.0037,2.6587,199.27
TC-CBF,head_on,46,46,0,13.512,1.0,0.9772,2.6597,204.66
TC-CBF,head_on,47,47,0,15.74,1.0,1.0207,2.6515,195.94
TC-CBF,head_on,48,48,0,19.349,0.8508,1.0097,2.915,198.09
TC-CBF,head_on,49,49,0,16.092,0.8722,1.0046,2.6634,199.09
CC-CBF,crossing_give_way,0,0,0,10.049,0.9542,0.9369,2.8188,213.46
CC-CBF,crossing_give_way,1,1,0,12.728,1.0,1.0164,2.6628,196.78
CC-CBF,crossing_give_way,2,2,0,14.071,1.0,0.9875,2.7434,202.53
CC-CBF,crossing_give_way,3,3,0,13.786,1.0,1.0197,2.6594,196.13
CC-CBF,crossing_give_way,4,4,0,12.31,0.9985,0.9991,2.6673,200.18
CC-CBF,crossing_give_way,5,5,0,13.87,1.0,0.9738,2.6663,205.38
CC-CBF,crossing_give_way,6,6,0,9.164,0.9512,0.9345,2.766,214.02
CC-CBF,crossing_give_way,7,7,0,11.936,0.9985,0.9953,2.7736,200.95
CC-CBF,crossing_give_way,8,8,0,17.143,1.0,1.0259,2.6597,194.95
CC-CBF,crossing_give_way,9,9,0,13.351,1.0,0.9944,2.805,201.13
CC-CBF,crossing_give_way,10,10,0,15.113,1.0,0.9943,2.7377,201.15
CC-CBF,crossing_give_way,11,11,0,12.176,0.9862,0.9823,2.6651,203.61
CC-CBF,crossing_give_way,12,12,0,13.462,1.0,0.9935,2.7996,201.3
CC-CBF,crossing_give_way,13,13,0,12.519,1.0,1.0186,2.6534,196.35
CC-CBF,crossing_give_way,14,14,0,11.47,0.9444,1.008,2.6598,198.42
CC-CBF,crossing_give_way,15,15,0,12.583,0.9905,0.9839,2.8232,203.28
CC-CBF,crossing_give_way,16,16,0,10.601,0.8978,1.0023,2.6569,199.53
CC-CBF,crossing_give_way,17,17,0,14.643,1.0,0.9932,2.7632,201.37
CC-CBF,crossing_give_way,18,18,0,12.388,1.0,1.0151,2.659,197.03
CC-CBF,crossing_give_way,19,19,0,9.302,0.8597,0.9405,2.8689,212.66
CC-CBF,crossing_give_way,20,20,0,8.556,0.9292,0.9304,2.9017,214.95
CC-CBF,crossing_give_way,21,21,0,10.664,0.8475,1.0028,2.6627,199.44
CC-CBF,crossing_give_way,22,22,0,11.111,0.9621,0.9656,2.8717,207.13
CC-CBF,crossing_give_way,23,23,0,10.072,0.9646,0.9491,2.7994,210.73
CC-CBF,crossing_give_way,24,24,0,8.381,0.832,0.8406,2.823,237.91
CC-CBF,crossing_give_way,25,25,0,20.863,1.0,1.0266,2.656,194.81
CC-CBF,crossing_give_way,26,26,0,10.709,0.9596,0.9645,2.8395,207.36
CC-CBF,crossing_give_way,27,27,0,10.132,0.9451,0.9389,2.8204,213.02
CC-CBF,crossing_give_way,28,28,0,11.547,0.9703,0.9873,2.8155,202.58
CC-CBF,crossing_give_way,29,29,0,11.843,0.975,0.971,2.6682,205.98
CC-CBF,crossing_give_way,30,30,0,11.481,0.9574,0.9675,2.8836,206.71
CC-CBF,crossing_give_way,31,31,0,12.289,0.9806,0.9831,2.8392,203.44
CC-CBF,crossing_give_way,32,32,0,12.555,0.9875,0.9832,2.8077,203.43
CC-CBF,crossing_give_way,33,33,0,13.617,1.0,0.9812,2.7499,203.83
CC-CBF,crossing_give_way,34,34,0,13.167,1.0,0.9867,2.8045,202.7
CC-CBF,crossing_give_way,35,35,0,7.382,0.8574,0.8592,2.9232,232.77
CC-CBF,crossing_give_way,36,36,0,29.899,1.0,1.0329,2.6562,193.64
CC-CBF,crossing_give_way,37,37,0,14.186,1.0,0.9931,2.6673,201.38
CC-CBF,crossing_give_way,38,38,0,12.352,0.9929,0.9701,2.7813,206.16
CC-CBF,crossing_give_way,39,39,0,12.4,1.0,1.0139,2.6602,197.26
CC-CBF,crossing_give_way,40,40,0,14.758,1.0,1.0071,2.842,198.59
CC-CBF,crossing_give_way,41,41,0,12.446,1.0,0.9968,2.8278,200.64
CC-CBF,crossing_give_way,42,42,0,15.055,1.0,0.9945,2.7807,201.11
CC-CBF,crossing_give_way,43,43,0,16.378,1.0,0.9991,2.8143,200.17
CC-CBF,crossing_give_way,44,44,0,11.495,0.9898,1.0082,2.6573,198.37
CC-CBF,crossing_give_way,45,45,0,12.661,1.0,1.0171,2.6609,196.64
CC-CBF,crossing_give_way,46,46,0,9.319,0.941,0.9523,2.8937,210.02
CC-CBF,crossing_give_way,47,47,0,11.927,1.0,1.0129,2.6557,197.45
CC-CBF,crossing_give_way,48,48,0,13.052,1.0,0.9879,2.8234,202.44
CC-CBF,crossing_give_way,49,49,0,12.837,0.9916,0.9894,2.8055,202.14
C3BF,crossing_give_way,0,0,0,21.438,0.1722,1.0218,2.6684,195.73
C3BF,crossing_give_way,1,1,0,26.239,1.0,0.9489,2.6596,210.77
C3BF,crossing_give_way,2,2,0,9.728,0.3453,0.984,2.6762,203.26
C3BF,crossing_give_way,3,3,0,26.994,1.0,0.9577,2.6569,208.83
C3BF,crossing_give_way,4,4,0,25.214,0.6769,0.9383,2.6577,213.15
C3BF,crossing_give_way,5,5,0,12.333,0.2241,0.9871,2.6695,202.62
C3BF,crossing_give_way,6,6,0,22.145,0.1824,1.0216,2.6762,195.76
C3BF,crossing_give_way,7,7,0,12.202,0.2589,0.9748,3.1596,205.17
C3BF,crossing_give_way,8,8,0,29.812,1.0,0.9684,2.6632,206.53
C3BF,crossing_give_way,9,9,0,8.511,0.4208,0.9894,2.6721,202.14
C3BF,crossing_give_way,10,10,0,10.798,0.2065,0.9541,3.0433,209.63
C3BF,crossing_give_way,11,11,0,12.63,0.3651,0.989,2.6731,202.22
C3BF,crossing_give_way,12,12,0,11.699,0.3527,0.9731,2.6814,205.53
C3BF,crossing_give_way,13,13,0,26.318,1.0,0.9476,2.6565,211.06
C3BF,crossing_give_way,14,14,0,11.313,0.0,0.9753,2.6754,205.07
C3BF,crossing_give_way,15,15,0,13.289,0.3409,0.9867,2.6776,202.69
C3BF,crossing_give_way,16,16,0,12.62,0.0,0.9874,2.6705,202.56
C3BF,crossing_give_way,17,17,0,10.489,0.2315,0.959,3.0432,208.56
C3BF,crossing_give_way,18,18,0,26.731,1.0,0.9474,2.657,211.09
C3BF,crossing_give_way,19,19,0,32.087,0.2216,1.0399,2.6675,192.33
C3BF,crossing_give_way,20,20,0,23.565,0.2945,1.0247,2.6738,195.19
C3BF,crossing_give_way,21,21,0,13.503,0.0,0.9873,2.6814,202.58
C3BF,crossing_give_way,22,22,0,26.441,0.2791,1.0198,2.978,196.12
C3BF,crossing_give_way,23,23,0,28.177,0.1105,1.0265,2.9629,194.83
C3BF,crossing_give_way,24,24,0,29.328,0.1603,1.0349,2.6655,193.25
C3BF,crossing_give_way,25,25,0,30.55,1.0,0.9817,2.6578,203.72
C3BF,crossing_give_way,26,26,0,17.139,0.2925,1.0054,2.6719,198.92
C3BF,crossing_give_way,27,27,0,21.366,0.2567,1.0188,2.6672,196.3
C3BF,crossing_give_way,28,28,0,24.535,0.3411,1.008,3.0084,198.42
C3BF,crossing_give_way,29,29,0,25.099,0.2827,1.0177,2.982,196.53
C3BF,crossing_give_way,30,30,0,16.975,0.3016,1.0053,2.6703,198.94
C3BF,crossing_give_way,31,31,0,13.605,0.35,0.9895,2.6736,202.13
C3BF,crossing_give_way,32,32,0,13.029,0.3551,0.9892,2.6763,202.19
C3BF,crossing_give_way,33,33,0,13.3,0.0987,0.9832,3.0665,203.41
C3BF,crossing_give_way,34,34,0,11.986,0.3392,0.9796,2.6777,204.17
C3BF,crossing_give_way,35,35,0,26.647,0.3314,1.0287,2.6633,194.42
C3BF,crossing_give_way,36,36,0,35.825,1.0,1.0066,2.6597,198.68
C3BF,crossing_give_way,37,37,0,18.882,0.2769,1.0047,3.0136,199.07
C3BF,crossing_give_way,38,38,0,14.786,0.2765,0.9981,2.6698,200.37
C3BF,crossing_give_way,39,39,0,26.207,1.0,0.9468,2.6603,211.23
C3BF,crossing_give_way,40,40,0,26.153,0.4902,0.9536,2.6684,209.74
C3BF,crossing_give_way,41,41,0,25.0,0.6779,0.9418,2.6511,212.35
C3BF,crossing_give_way,42,42,0,25.338,0.7005,0.9487,2.6568,210.82
C3BF,crossing_give_way,43,43,0,26.811,0.7456,0.9564,2.6521,209.12
C3BF,crossing_give_way,44,44,0,22.072,0.0393,1.0002,3.0272,199.97
C3BF,crossing_give_way,45,45,0,26.944,1.0,0.9502,2.6559,210.48
C3BF,crossing_give_way,46,46,0,19.687,0.2789,1.0143,2.6699,197.17
C3BF,crossing_give_way,47,47,0,25.511,1.0,0.9434,2.6566,212.0
C3BF,crossing_give_way,48,48,0,12.172,0.3465,0.9802,2.6725,204.05
C3BF,crossing_give_way,49,49,0,11.691,0.3562,0.9808,2.6743,203.92
Rule-COLREG,crossing_give_way,0,0,0,8.537,0.9114,0.961,2.6648,208.12
Rule-COLREG,crossing_give_way,1,1,0,8.755,1.0,1.0351,2.665,193.21
Rule-COLREG,crossing_give_way,2,2,0,8.563,0.9205,1.0208,2.6675,195.93
Rule-COLREG,crossing_give_way,3,3,0,10.506,1.0,1.0373,2.665,192.81
Rule-COLREG,crossing_give_way,4,4,0,8.843,0.9224,1.0225,2.6667,195.6
Rule-COLREG,crossing_give_way,5,5,0,8.408,0.9145,1.0079,2.667,198.43
Rule-COLREG,crossing_give_way,6,6,0,2.037,0.981,1.0349,2.6638,193.26
Rule-COLREG,crossing_give_way,7,7,0,8.721,0.9219,1.0203,2.6634,196.02
Rule-COLREG,crossing_give_way,8,8,0,14.324,1.0,1.0399,2.6676,192.33
Rule-COLREG,crossing_give_way,9,9,0,8.718,0.922,1.0218,2.6613,195.74
Rule-COLREG,crossing_give_way,10,10,0,8.633,0.9227,1.0302,2.663,194.14
Rule-COLREG,crossing_give_way,11,11,0,8.912,0.9096,1.0075,2.6645,198.5
Rule-COLREG,crossing_give_way,12,12,0,8.837,0.9211,1.0221,2.6605,195.68
Rule-COLREG,crossing_give_way,13,13,0,8.759,1.0,1.035,2.6617,193.24
Rule-COLREG,crossing_give_way,14,14,0,8.516,1.0,1.0226,2.6646,195.58
Rule-COLREG,crossing_give_way,15,15,0,8.616,0.9213,1.011,2.6642,197.82
Rule-COLREG,crossing_give_way,16,16,0,8.6,1.0,1.0121,2.6596,197.61
Rule-COLREG,crossing_give_way,17,17,0,8.59,0.9219,1.028,2.6634,194.56
Rule-COLREG,crossing_give_way,18,18,0,8.673,1.0,1.0337,2.6613,193.48
Rule-COLREG,crossing_give_way,19,19,0,13.906,1.0,1.0341,2.6603,193.41
Rule-COLREG,crossing_give_way,20,20,0,4.112,0.9398,1.0385,2.6636,192.58
Rule-COLREG,crossing_give_way,21,21,0,8.817,1.0,1.0119,2.6584,197.65
Rule-COLREG,crossing_give_way,22,22,0,8.815,0.9076,0.9894,2.6632,202.13
Rule-COLREG,crossing_give_way,23,23,0,8.569,0.9083,0.9737,2.6676,205.41
Rule-COLREG,crossing_give_way,24,24,0,9.785,0.9475,1.0359,2.665,193.08
Rule-COLREG,crossing_give_way,25,25,0,16.346,1.0,1.0431,2.6649,191.74
Rule-COLREG,crossing_give_way,26,26,0,8.64,0.9181,0.99,2.6633,202.01
Rule-COLREG,crossing_give_way,27,27,1,0.0,0.8669,1.0111,2.6623,197.81
Rule-COLREG,crossing_give_way,28,28,0,9.025,0.9069,1.0079,2.6652,198.42
Rule-COLREG,crossing_give_way,29,29,0,8.887,0.9065,0.9961,2.6595,200.79
Rule-COLREG,crossing_give_way,30,30,0,8.909,0.9078,0.9897,2.6589,202.08
Rule-COLREG,crossing_give_way,31,31,0,8.711,0.9213,1.0088,2.6646,198.25
Rule-COLREG,crossing_give_way,32,32,0,8.675,0.9197,1.0093,2.6634,198.16
Rule-COLREG,crossing_give_way,33,33,0,8.43,0.9216,1.0137,2.6625,197.29
Rule-COLREG,crossing_give_way,34,34,0,8.685,0.9137,1.0165,2.6642,196.75
Rule-COLREG,crossing_give_way,35,35,0,9.65,0.9375,1.0412,2.6588,192.09
Rule-COLREG,crossing_give_way,36,36,0,26.34,1.0,1.0452,2.6615,191.36
Rule-COLREG,crossing_give_way,37,37,0,8.768,0.9204,1.024,2.6682,195.31
Rule-COLREG,crossing_give_way,38,38,0,8.476,0.9194,0.9995,2.6627,200.1
Rule-COLREG,crossing_give_way,39,39,0,8.523,1.0,1.0329,2.6669,193.62
Rule-COLREG,crossing_give_way,40,40,0,8.955,1.0,1.0373,2.6612,192.8
Rule-COLREG,crossing_give_way,41,41,0,8.75,0.9227,1.0249,2.6604,195.14
Rule-COLREG,crossing_give_way,42,42,0,8.694,0.9225,1.0296,2.6665,194.26
Rule-COLREG,crossing_give_way,43,43,0,9.329,0.923,1.0339,2.6774,193.44
Rule-COLREG,crossing_give_way,44,44,0,8.53,1.0,1.0228,2.6605,195.55
Rule-COLREG,crossing_give_way,45,45,0,8.727,1.0,1.0351,2.6668,193.21
Rule-COLREG,crossing_give_way,46,46,0,8.834,0.9106,0.9774,2.6609,204.62
Rule-COLREG,crossing_give_way,47,47,0,8.585,1.0,1.0295,2.6631,194.27
Rule-COLREG,crossing_give_way,48,48,0,8.644,0.9207,1.0156,2.6647,196.92
Rule-COLREG,crossing_give_way,49,49,0,8.675,0.922,1.0153,2.6673,196.98
Geo-CRI,crossing_give_way,0,0,0,9.07,0.8029,1.0524,2.6598,190.04
Geo-CRI,crossing_give_way,1,1,1,0.0,0.8707,1.0482,2.6612,190.81
Geo-CRI,crossing_give_way,2,2,0,0.097,0.7264,1.0359,2.6431,193.08
Geo-CRI,crossing_give_way,3,3,1,0.0,0.8645,1.039,2.6589,192.5
Geo-CRI,crossing_give_way,4,4,0,0.693,0.7296,1.0333,2.6605,193.55
Geo-CRI,crossing_give_way,5,5,0,2.659,0.8445,1.0318,2.6571,193.83
Geo-CRI,crossing_give_way,6,6,0,12.61,0.8066,1.0524,2.6598,190.04
Geo-CRI,crossing_give_way,7,7,1,0.0,0.8128,1.0319,2.6605,193.81
Geo-CRI,crossing_give_way,8,8,0,8.698,0.8182,1.0493,2.6601,190.6
Geo-CRI,crossing_give_way,9,9,1,0.0,0.7408,1.0524,2.6562,190.05
Geo-CRI,crossing_give_way,10,10,0,0.027,0.7188,1.0422,2.6379,191.9
Geo-CRI,crossing_give_way,11,11,0,2.713,0.835,1.0303,2.6573,194.11
Geo-CRI,crossing_give_way,12,12,1,0.0,0.7505,1.0522,2.6566,190.08
Geo-CRI,crossing_give_way,13,13,1,0.0,0.8776,1.0524,2.6579,190.04
Geo-CRI,crossing_give_way,14,14,1,0.0,0.8393,1.032,2.6604,193.81
Geo-CRI,crossing_give_way,15,15,0,2.73,0.8433,1.0301,2.6615,194.16
Geo-CRI,crossing_give_way,16,16,0,0.469,0.8246,1.0343,2.6579,193.36
Geo-CRI,crossing_give_way,17,17,0,0.832,0.7238,1.0327,2.6566,193.67
Geo-CRI,crossing_give_way,18,18,0,0.183,0.861,1.0495,2.6377,190.57
Geo-CRI,crossing_give_way,19,19,0,26.725,1.0,1.0527,2.6572,189.99
Geo-CRI,crossing_give_way,20,20,0,13.267,0.8625,1.0531,2.6599,189.91
Geo-CRI,crossing_give_way,21,21,0,1.351,0.8211,1.0326,2.6605,193.69
Geo-CRI,crossing_give_way,22,22,0,7.102,0.8548,1.0373,2.6667,192.81
Geo-CRI,crossing_give_way,23,23,0,8.988,0.824,1.0519,2.6629,190.13
Geo-CRI,crossing_give_way,24,24,0,19.265,0.8998,1.0525,2.6577,190.02
Geo-CRI,crossing_give_way,25,25,0,9.094,0.7481,1.0527,2.6553,189.99
Geo-CRI,crossing_give_way,26,26,0,8.851,0.8514,1.0424,2.6778,191.87
Geo-CRI,crossing_give_way,27,27,0,11.4,0.8331,1.0521,2.6569,190.1
Geo-CRI,crossing_give_way,28,28,0,3.435,0.8314,1.0332,2.6591,193.58
Geo-CRI,crossing_give_way,29,29,0,7.032,0.8623,1.0308,2.6614,194.02
Geo-CRI,crossing_give_way,30,30,0,6.231,0.8571,1.0413,2.6603,192.07
Geo-CRI,crossing_give_way,31,31,0,3.739,0.8487,1.0308,2.667,194.02
Geo-CRI,crossing_give_way,32,32,0,1.939,0.8338,1.0275,2.6646,194.65
Geo-CRI,crossing_give_way,33,33,0,1.675,0.8727,1.0243,2.6602,195.26
Geo-CRI,crossing_give_way,34,34,0,1.263,0.849,1.0265,2.6562,194.83
Geo-CRI,crossing_give_way,35,35,0,18.045,0.9244,1.0526,2.6555,190.0
Geo-CRI,crossing_give_way,36,36,0,20.955,0.9607,1.0525,2.6558,190.02
Geo-CRI,crossing_give_way,37,37,1,0.0,0.7296,1.049,2.659,190.65
Geo-CRI,crossing_give_way,38,38,0,7.064,0.842,1.0302,2.6593,194.13
Geo-CRI,crossing_give_way,39,39,1,0.0,0.8745,1.0501,2.6563,190.45
Geo-CRI,crossing_give_way,40,40,1,0.0,0.8645,1.0518,2.6557,190.15
Geo-CRI,crossing_give_way,41,41,1,0.0,0.7285,1.048,2.6486,190.83
Geo-CRI,crossing_give_way,42,42,1,0.0,0.7162,1.0531,2.6562,189.92
Geo-CRI,crossing_give_way,43,43,1,0.0,0.7095,1.0484,2.657,190.77
Geo-CRI,crossing_give_way,44,44,1,0.0,0.8699,1.0522,2.6565,190.07
Geo-CRI,crossing_give_way,45,45,0,0.362,0.8519,1.0495,2.6596,190.56
Geo-CRI,crossing_give_way,46,46,0,8.921,0.8515,1.049,2.659,190.65
Geo-CRI,crossing_give_way,47,47,1,0.0,0.8643,1.0473,2.6577,190.96
Geo-CRI,crossing_give_way,48,48,1,0.0,0.7584,1.0528,2.6568,189.96
Geo-CRI,crossing_give_way,49,49,1,0.0,0.8127,1.0337,2.645,193.48
TC-CBF,crossing_give_way,0,0,0,11.964,0.8891,1.05,2.6695,190.47
TC-CBF,crossing_give_way,1,1,0,8.141,0.8204,0.6973,2.6644,286.83
TC-CBF,crossing_give_way,2,2,0,8.486,0.8718,0.9588,2.9202,208.59
TC-CBF,crossing_give_way,3,3,0,10.293,0.8212,0.6993,2.658,286.0
TC-CBF,crossing_give_way,4,4,0,7.328,0.8986,0.9281,2.7175,215.5
TC-CBF,crossing_give_way,5,5,0,8.836,0.8651,1.0096,2.6771,198.1
TC-CBF,crossing_give_way,6,6,0,12.918,0.9035,1.0506,2.6736,190.36
TC-CBF,crossing_give_way,7,7,0,7.418,0.9062,0.9477,2.7073,211.04
TC-CBF,crossing_give_way,8,8,0,12.896,0.8426,0.6456,2.6593,309.81
TC-CBF,crossing_give_way,9,9,0,7.645,0.9013,0.938,2.7008,213.23
TC-CBF,crossing_give_way,10,10,0,7.659,0.8811,0.8861,2.9234,225.7
TC-CBF,crossing_give_way,11,11,0,8.691,0.9141,1.0017,2.6962,199.65
TC-CBF,crossing_give_way,12,12,0,7.838,0.9079,0.9551,2.7089,209.4
TC-CBF,crossing_give_way,13,13,0,7.084,0.8464,0.7052,2.6693,283.61
TC-CBF,crossing_give_way,14,14,0,7.352,0.8142,0.9484,2.7088,210.88
TC-CBF,crossing_give_way,15,15,0,8.928,0.903,1.0024,2.6963,199.53
TC-CBF,crossing_give_way,16,16,0,8.203,0.8318,0.9864,2.698,202.76
TC-CBF,crossing_give_way,17,17,0,7.308,0.8748,0.8993,2.9183,222.38
TC-CBF,crossing_give_way,18,18,0,6.798,0.8206,0.687,2.6747,291.14
TC-CBF,crossing_give_way,19,19,0,25.323,1.0,1.0526,2.6573,190.0
TC-CBF,crossing_give_way,20,20,0,13.956,0.9319,1.0514,2.6624,190.23
TC-CBF,crossing_give_way,21,21,0,8.783,0.8243,0.9886,2.6973,202.3
TC-CBF,crossing_give_way,22,22,0,10.463,0.9021,1.0356,2.6786,193.13
TC-CBF,crossing_give_way,23,23,0,10.879,0.8985,1.0471,2.6695,191.0
TC-CBF,crossing_give_way,24,24,0,19.798,0.955,1.0519,2.6609,190.12
TC-CBF,crossing_give_way,25,25,0,11.021,0.9845,1.0516,2.6544,190.19
TC-CBF,crossing_give_way,26,26,0,10.722,0.8889,1.0393,2.8805,192.43
TC-CBF,crossing_give_way,27,27,0,12.35,0.904,1.0495,2.6597,190.57
TC-CBF,crossing_give_way,28,28,0,9.292,0.9204,1.006,2.6919,198.8
TC-CBF,crossing_give_way,29,29,0,9.986,0.911,1.0317,2.6775,193.85
TC-CBF,crossing_give_way,30,30,0,10.602,0.8994,1.0376,2.9048,192.75
TC-CBF,crossing_give_way,31,31,0,9.163,0.9075,1.0092,2.6816,198.17
TC-CBF,crossing_give_way,32,32,0,8.23,0.904,0.9923,2.6963,201.55
TC-CBF,crossing_give_way,33,33,0,8.392,0.8904,0.9953,2.7009,200.95
TC-CBF,crossing_give_way,34,34,0,8.242,0.8859,0.9829,2.9212,203.47
TC-CBF,crossing_give_way,35,35,0,18.172,0.9552,1.0524,2.6749,190.05
TC-CBF,crossing_give_way,36,36,0,21.777,1.0,1.0524,2.6561,190.05
TC-CBF,crossing_give_way,37,37,0,7.819,0.8873,0.9374,2.7023,213.35
TC-CBF,crossing_give_way,38,38,0,9.495,0.8992,1.0268,2.6738,194.79
TC-CBF,crossing_give_way,39,39,0,5.041,0.8249,0.5837,2.6894,342.63
TC-CBF,crossing_give_way,40,40,0,8.16,0.8341,0.5697,2.6598,351.09
TC-CBF,crossing_give_way,41,41,0,6.533,0.8909,0.8826,2.7284,226.6
TC-CBF,crossing_give_way,42,42,0,7.18,0.8742,0.8781,2.9198,227.76
TC-CBF,crossing_give_way,43,43,0,8.344,0.903,0.5433,2.6549,368.1
TC-CBF,crossing_give_way,44,44,0,7.288,0.8443,0.9423,2.7089,212.24
TC-CBF,crossing_give_way,45,45,0,8.563,0.8251,0.6797,2.663,294.26
TC-CBF,crossing_give_way,46,46,0,11.494,0.9008,1.0462,2.8659,191.17
TC-CBF,crossing_give_way,47,47,0,5.365,0.796,0.8083,2.7191,247.44
TC-CBF,crossing_give_way,48,48,0,8.428,0.9075,0.984,2.7027,203.24
TC-CBF,crossing_give_way,49,49,0,8.077,0.9091,0.9795,2.6919,204.18
CC-CBF,overtaking,0,0,0,11.945,1.0,1.024,2.6736,195.3
CC-CBF,overtaking,1,1,0,8.933,1.0,1.0076,2.6881,198.49
CC-CBF,overtaking,2,2,0,9.769,1.0,1.0154,2.6742,196.96
CC-CBF,overtaking,3,3,0,8.815,1.0,1.0143,2.6772,197.18
CC-CBF,overtaking,4,4,0,13.215,1.0,1.0268,2.6628,194.78
CC-CBF,overtaking,5,5,0,9.457,1.0,0.9953,2.674,200.95
CC-CBF,overtaking,6,6,0,14.498,1.0,1.0327,2.6658,193.67
CC-CBF,overtaking,7,7,0,9.901,1.0,1.0196,2.6888,196.15
CC-CBF,overtaking,8,8,0,11.558,0.9551,0.8714,2.6736,229.53
CC-CBF,overtaking,9,9,0,11.615,1.0,1.0276,2.6717,194.63
CC-CBF,overtaking,10,10,0,9.501,1.0,1.0119,2.6746,197.66
CC-CBF,overtaking,11,11,0,9.962,1.0,1.0165,2.6768,196.75
CC-CBF,overtaking,12,12,0,11.02,1.0,1.0272,2.6654,194.71
CC-CBF,overtaking,13,13,0,10.482,1.0,1.0245,2.6652,195.22
CC-CBF,overtaking,14,14,0,12.611,1.0,1.0257,2.6638,194.99
CC-CBF,overtaking,15,15,0,10.874,1.0,1.0259,2.6798,194.96
CC-CBF,overtaking,16,16,0,12.498,1.0,1.0251,2.6617,195.11
CC-CBF,overtaking,17,17,0,9.25,1.0,1.0028,2.6736,199.45
CC-CBF,overtaking,18,18,0,8.602,1.0,1.0137,2.6771,197.3
CC-CBF,overtaking,19,19,0,15.864,1.0,1.0295,2.6631,194.27
CC-CBF,overtaking,20,20,0,18.424,1.0,1.0294,2.6634,194.29
CC-CBF,overtaking,21,21,0,22.296,1.0,1.0257,2.6638,194.99
CC-CBF,overtaking,22,22,0,11.676,1.0,1.0256,2.6825,195.02
CC-CBF,overtaking,23,23,0,11.009,1.0,1.0162,2.676,196.82
CC-CBF,overtaking,24,24,0,17.39,1.0,1.0304,2.6608,194.1
CC-CBF,overtaking,25,25,0,8.438,1.0,0.9692,2.6965,206.36
CC-CBF,overtaking,26,26,0,15.188,1.0,1.031,2.6627,193.98
CC-CBF,overtaking,27,27,0,15.574,1.0,1.0344,2.6595,193.34
CC-CBF,overtaking,28,28,0,15.218,1.0,1.0284,2.6624,194.49
CC-CBF,overtaking,29,29,0,10.986,1.0,1.0219,2.6681,195.7
CC-CBF,overtaking,30,30,0,14.145,1.0,1.0307,2.6618,194.04
CC-CBF,overtaking,31,31,0,13.305,1.0,1.0276,2.6626,194.64
CC-CBF,overtaking,32,32,0,10.435,1.0,1.0211,2.6703,195.86
CC-CBF,overtaking,33,33,0,9.359,1.0,0.9949,2.6785,201.03
CC-CBF,overtaking,34,34,0,10.277,1.0,1.0211,2.6796,195.88
CC-CBF,overtaking,35,35,0,22.081,1.0,1.028,2.6596,194.55
CC-CBF,overtaking,36,36,0,9.171,1.0,0.6006,2.6037,333.01
CC-CBF,overtaking,37,37,0,10.203,1.0,1.0225,2.6757,195.59
CC-CBF,overtaking,38,38,0,10.485,1.0,1.0163,2.6721,196.8
CC-CBF,overtaking,39,39,0,8.662,1.0,1.0023,2.6855,199.53
CC-CBF,overtaking,40,40,0,9.939,1.0,1.026,2.6648,194.93
CC-CBF,overtaking,41,41,0,8.984,1.0,1.0,2.6826,199.99
CC-CBF,overtaking,42,42,0,9.221,1.0,1.0055,2.6698,198.9
CC-CBF,overtaking,43,43,0,8.935,1.0,0.9879,2.6922,202.45
CC-CBF,overtaking,44,44,0,10.842,1.0,1.0241,2.6679,195.29
CC-CBF,overtaking,45,45,0,9.211,1.0,1.0199,2.6789,196.09
CC-CBF,overtaking,46,46,0,18.764,1.0,1.0302,2.6631,194.14
CC-CBF,overtaking,47,47,0,9.281,1.0,1.021,2.6761,195.89
CC-CBF,overtaking,48,48,0,10.886,1.0,1.0279,2.6654,194.58
CC-CBF,overtaking,49,49,0,10.181,1.0,1.0218,2.6702,195.73
C3BF,overtaking,0,0,0,14.412,0.0,1.0243,2.6711,195.26
C3BF,overtaking,1,1,0,7.286,1.0,1.0037,2.6729,199.26
C3BF,overtaking,2,2,0,16.917,0.0,1.0308,2.6688,194.02
C3BF,overtaking,3,3,0,9.359,0.0,1.0195,2.6671,196.17
C3BF,overtaking,4,4,0,13.786,1.0,1.03,2.6672,194.17
C3BF,overtaking,5,5,0,8.872,1.0,0.9916,2.6695,201.68
C3BF,overtaking,6,6,0,15.044,1.0,1.0284,2.6678,194.48
C3BF,overtaking,7,7,0,9.82,1.0,1.0107,2.6688,197.89
C3BF,overtaking,8,8,0,7.031,0.0203,0.6828,2.6911,292.93
C3BF,overtaking,9,9,0,11.217,0.0,1.0163,2.6665,196.79
C3BF,overtaking,10,10,0,17.374,0.0,1.0318,2.6662,193.83
C3BF,overtaking,11,11,0,9.879,1.0,1.008,2.6669,198.42
C3BF,overtaking,12,12,0,12.699,1.0,1.0255,2.6642,195.02
C3BF,overtaking,13,13,0,11.688,1.0,1.0307,2.6655,194.05
C3BF,overtaking,14,14,0,13.992,1.0,1.0314,2.6708,193.9
C3BF,overtaking,15,15,0,12.324,1.0,1.0207,2.6676,195.94
C3BF,overtaking,16,16,0,8.052,0.0,1.0051,2.6692,198.99
C3BF,overtaking,17,17,0,17.974,0.0,1.0354,2.6663,193.17
C3BF,overtaking,18,18,0,8.442,0.0,1.0177,2.6682,196.51
C3BF,overtaking,19,19,0,16.623,0.9032,1.027,2.6658,194.73
C3BF,overtaking,20,20,0,17.221,0.9505,1.0313,2.6675,193.93
C3BF,overtaking,21,21,0,18.85,0.7888,1.0418,2.6682,191.98
C3BF,overtaking,22,22,0,11.652,0.0,1.0225,2.6667,195.6
C3BF,overtaking,23,23,0,15.824,0.0,1.0301,2.6687,194.15
C3BF,overtaking,24,24,0,11.307,0.0,1.0091,2.6675,198.2
C3BF,overtaking,25,25,0,6.105,1.0,0.9651,2.6778,207.23
C3BF,overtaking,26,26,0,10.447,0.0,1.006,2.6704,198.81
C3BF,overtaking,27,27,0,16.715,0.9939,1.0315,2.6651,193.89
C3BF,overtaking,28,28,0,15.841,1.0,1.0332,2.6662,193.56
C3BF,overtaking,29,29,0,11.731,1.0,1.0136,2.6663,197.31
C3BF,overtaking,30,30,0,10.478,0.0,1.0129,2.6683,197.45
C3BF,overtaking,31,31,0,10.227,0.0,1.0103,2.6678,197.95
C3BF,overtaking,32,32,0,12.33,0.0,1.0246,2.6685,195.2
C3BF,overtaking,33,33,0,18.26,0.0,1.0384,2.6658,192.6
C3BF,overtaking,34,34,0,10.52,1.0,1.0125,2.6658,197.53
C3BF,overtaking,35,35,0,17.594,0.765,1.0377,2.6658,192.74
C3BF,overtaking,36,36,0,19.999,0.0,1.0462,2.6643,191.16
C3BF,overtaking,37,37,0,10.783,1.0,1.0144,2.6679,197.16
C3BF,overtaking,38,38,0,16.054,0.0,1.0295,2.6666,194.26
C3BF,overtaking,39,39,0,13.913,0.0,1.0327,2.6657,193.66
C3BF,overtaking,40,40,0,11.606,0.0,1.0187,2.6656,196.32
C3BF,overtaking,41,41,0,16.087,0.0,1.0351,2.6651,193.22
C3BF,overtaking,42,42,0,17.945,0.0,1.0351,2.665,193.21
C3BF,overtaking,43,43,0,18.553,0.0,1.0395,2.6667,192.4
C3BF,overtaking,44,44,0,11.448,1.0,1.0215,2.6656,195.79
C3BF,overtaking,45,45,0,8.827,0.0,1.0153,2.6675,196.99
C3BF,overtaking,46,46,0,17.431,0.9451,1.0346,2.6663,193.31
C3BF,overtaking,47,47,0,10.864,0.0,1.0216,2.6691,195.78
C3BF,overtaking,48,48,0,12.113,1.0,1.0207,2.6695,195.94
C3BF,overtaking,49,49,0,11.94,0.0,1.0243,2.6674,195.26
Rule-COLREG,overtaking,0,0,0,9.851,1.0,1.0285,2.6674,194.45
Rule-COLREG,overtaking,1,1,0,9.52,1.0,1.0127,2.6687,197.48
Rule-COLREG,overtaking,2,2,0,10.254,1.0,1.0174,2.6672,196.57
Rule-COLREG,overtaking,3,3,0,9.769,1.0,1.0178,2.6699,196.51
Rule-COLREG,overtaking,4,4,0,11.675,1.0,1.0388,2.6648,192.53
Rule-COLREG,overtaking,5,5,0,10.099,1.0,1.0001,2.6628,199.97
Rule-COLREG,overtaking,6,6,0,11.606,1.0,1.039,2.6716,192.49
Rule-COLREG,overtaking,7,7,0,9.639,1.0,1.0211,2.6648,195.87
Rule-COLREG,overtaking,8,8,1,0.0,0.9464,0.6134,2.528,326.04
Rule-COLREG,overtaking,9,9,0,10.202,1.0,1.0338,2.6758,193.46
Rule-COLREG,overtaking,10,10,0,10.205,1.0,1.0122,2.6646,197.58
Rule-COLREG,overtaking,11,11,0,9.467,1.0,1.0185,2.6717,196.37
Rule-COLREG,overtaking,12,12,0,10.871,1.0,1.0359,2.665,193.08
Rule-COLREG,overtaking,13,13,0,11.775,1.0,1.0376,2.6772,192.76
Rule-COLREG,overtaking,14,14,0,12.273,1.0,1.0392,2.6878,192.45
Rule-COLREG,overtaking,15,15,0,10.013,1.0,1.0327,2.686,193.66
Rule-COLREG,overtaking,16,16,0,10.761,1.0,1.0372,2.6635,192.84
Rule-COLREG,overtaking,17,17,0,9.833,1.0,1.0045,2.6653,199.1
Rule-COLREG,overtaking,18,18,0,9.469,1.0,1.0179,2.6659,196.48
Rule-COLREG,overtaking,19,19,0,10.351,1.0,1.0398,2.6751,192.34
Rule-COLREG,overtaking,20,20,0,12.205,1.0,1.0406,2.673,192.19
Rule-COLREG,overtaking,21,21,0,15.66,0.8969,1.0438,2.6706,191.62
Rule-COLREG,overtaking,22,22,0,9.481,1.0,1.0302,2.6686,194.14
Rule-COLREG,overtaking,23,23,0,9.814,1.0,1.0213,2.6662,195.83
Rule-COLREG,overtaking,24,24,0,10.695,1.0,1.0404,2.6643,192.23
Rule-COLREG,overtaking,25,25,0,8.932,1.0,0.9481,2.6685,210.95
Rule-COLREG,overtaking,26,26,0,12.259,1.0,1.0401,2.68,192.29
Rule-COLREG,overtaking,27,27,0,12.689,1.0,1.0401,2.6651,192.29
Rule-COLREG,overtaking,28,28,0,12.339,1.0,1.0415,2.667,192.02
Rule-COLREG,overtaking,29,29,0,9.638,1.0,1.0254,2.6664,195.05
Rule-COLREG,overtaking,30,30,0,10.688,1.0,1.0376,2.6641,192.75
Rule-COLREG,overtaking,31,31,0,11.481,1.0,1.0383,2.6662,192.63
Rule-COLREG,overtaking,32,32,0,9.486,1.0,1.024,2.6645,195.31
Rule-COLREG,overtaking,33,33,0,9.837,1.0,0.998,2.663,200.39
Rule-COLREG,overtaking,34,34,0,9.919,1.0,1.0228,2.6677,195.54
Rule-COLREG,overtaking,35,35,0,14.609,1.0,1.042,2.6622,191.95
Rule-COLREG,overtaking,36,36,0,8.714,0.9495,0.6826,2.6672,293.0
Rule-COLREG,overtaking,37,37,0,10.338,1.0,1.0241,2.6716,195.3
Rule-COLREG,overtaking,38,38,0,9.922,1.0,1.0197,2.6686,196.14
Rule-COLREG,overtaking,39,39,0,9.466,1.0,1.0007,2.6737,199.86
Rule-COLREG,overtaking,40,40,0,10.146,1.0,1.0281,2.6686,194.54
Rule-COLREG,overtaking,41,41,0,9.272,1.0,1.0011,2.6744,199.78
Rule-COLREG,overtaking,42,42,0,9.815,1.0,1.0061,2.6647,198.79
Rule-COLREG,overtaking,43,43,0,9.665,1.0,0.9872,2.6693,202.6
Rule-COLREG,overtaking,44,44,0,9.986,1.0,1.0325,2.6682,193.71
Rule-COLREG,overtaking,45,45,0,9.797,1.0,1.025,2.6673,195.11
Rule-COLREG,overtaking,46,46,0,13.517,1.0,1.041,2.6685,192.13
Rule-COLREG,overtaking,47,47,0,9.619,1.0,1.0227,2.6716,195.56
Rule-COLREG,overtaking,48,48,0,10.407,1.0,1.0318,2.6627,193.84
Rule-COLREG,overtaking,49,49,0,9.541,1.0,1.0253,2.6886,195.06
Geo-CRI,overtaking,0,0,0,9.568,0.6871,1.0209,2.6728,195.91
Geo-CRI,overtaking,1,1,0,8.801,0.6454,0.9972,2.6709,200.56
Geo-CRI,overtaking,2,2,0,9.332,0.668,1.0036,2.666,199.28
Geo-CRI,overtaking,3,3,0,8.883,0.6137,0.995,2.6659,201.0
Geo-CRI,overtaking,4,4,0,9.256,0.5645,1.0384,2.664,192.61
Geo-CRI,overtaking,5,5,0,9.111,0.2529,1.0454,2.6628,191.32
Geo-CRI,overtaking,6,6,0,9.498,0.6385,1.0306,2.6749,194.06
Geo-CRI,overtaking,7,7,0,8.963,0.6101,0.9986,2.6615,200.28
Geo-CRI,overtaking,8,8,0,8.679,0.5431,0.6152,2.681,325.07
Geo-CRI,overtaking,9,9,0,9.301,0.6012,1.0276,2.6624,194.62
Geo-CRI,overtaking,10,10,0,9.016,0.6161,0.9807,2.9247,203.94
Geo-CRI,overtaking,11,11,0,8.731,0.616,0.9949,2.6662,201.03
Geo-CRI,overtaking,12,12,0,8.976,0.6683,1.0289,2.6591,194.38
Geo-CRI,overtaking,13,13,0,8.947,0.5753,1.0352,2.6611,193.19
Geo-CRI,overtaking,14,14,0,9.023,0.5941,1.0356,2.6639,193.13
Geo-CRI,overtaking,15,15,0,9.079,0.6671,1.0237,2.6635,195.37
Geo-CRI,overtaking,16,16,0,9.083,0.5775,1.0343,2.6617,193.37
Geo-CRI,overtaking,17,17,0,9.101,0.2293,1.0444,2.6708,191.5
Geo-CRI,overtaking,18,18,0,8.91,0.6328,1.0102,2.6665,197.98
Geo-CRI,overtaking,19,19,0,9.126,0.6604,1.0302,2.6667,194.14
Geo-CRI,overtaking,20,20,0,9.443,0.6102,1.037,2.6675,192.86
Geo-CRI,overtaking,21,21,0,9.523,0.3767,1.0512,2.6647,190.26
Geo-CRI,overtaking,22,22,0,8.986,0.6621,1.0229,2.6639,195.53
Geo-CRI,overtaking,23,23,0,8.973,0.6331,0.994,2.665,201.21
Geo-CRI,overtaking,24,24,0,9.501,0.6046,1.0361,2.6642,193.02
Geo-CRI,overtaking,25,25,0,8.588,0.5898,0.8199,2.6732,243.93
Geo-CRI,overtaking,26,26,0,9.6,0.5914,1.0383,2.668,192.63
Geo-CRI,overtaking,27,27,0,9.245,0.627,1.0354,2.6661,193.16
Geo-CRI,overtaking,28,28,0,9.165,0.6036,1.0366,2.6631,192.94
Geo-CRI,overtaking,29,29,0,9.175,0.6775,1.0122,2.6611,197.59
Geo-CRI,overtaking,30,30,0,9.357,0.6036,1.0331,2.661,193.59
Geo-CRI,overtaking,31,31,0,9.279,0.623,1.0315,2.6634,193.89
Geo-CRI,overtaking,32,32,0,9.036,0.6615,1.0172,2.6624,196.62
Geo-CRI,overtaking,33,33,0,9.282,0.2455,1.0467,2.6613,191.08
Geo-CRI,overtaking,34,34,0,8.8,0.6232,1.001,2.6658,199.8
Geo-CRI,overtaking,35,35,0,9.005,0.5479,1.0448,2.666,191.42
Geo-CRI,overtaking,36,36,0,14.367,0.242,1.0529,2.6586,189.95
Geo-CRI,overtaking,37,37,0,9.372,0.6596,1.0129,2.6682,197.44
Geo-CRI,overtaking,38,38,0,8.969,0.6232,0.9925,2.6638,201.52
Geo-CRI,overtaking,39,39,0,9.029,0.2308,1.0409,2.6631,192.15
Geo-CRI,overtaking,40,40,0,9.339,0.6137,1.0229,2.6601,195.52
Geo-CRI,overtaking,41,41,0,8.731,0.616,0.9807,2.6622,203.93
Geo-CRI,overtaking,42,42,0,8.944,0.6119,0.9797,2.6634,204.15
Geo-CRI,overtaking,43,43,0,9.148,0.2414,1.0492,2.6642,190.62
Geo-CRI,overtaking,44,44,0,8.831,0.6682,1.0234,2.6624,195.42
Geo-CRI,overtaking,45,45,0,8.966,0.6069,1.02,2.6622,196.07
Geo-CRI,overtaking,46,46,0,9.608,0.5641,1.0441,2.6643,191.56
Geo-CRI,overtaking,47,47,0,8.951,0.6387,1.0176,2.6704,196.54
Geo-CRI,overtaking,48,48,0,9.036,0.6381,1.0241,2.6698,195.29
Geo-CRI,overtaking,49,49,0,9.035,0.625,1.0063,2.6624,198.75
TC-CBF,overtaking,0,0,0,8.649,0.9986,1.0197,2.663,196.13
TC-CBF,overtaking,1,1,0,7.601,0.999,0.997,2.6696,200.6
TC-CBF,overtaking,2,2,0,8.435,0.9946,1.0067,2.6686,198.67
TC-CBF,overtaking,3,3,0,8.64,0.9957,1.0189,2.6688,196.29
TC-CBF,overtaking,4,4,0,9.677,0.9951,1.0395,2.674,192.39
TC-CBF,overtaking,5,5,0,10.478,0.5928,0.9712,2.7348,205.94
TC-CBF,overtaking,6,6,0,10.311,0.992,1.0381,2.6685,192.67
TC-CBF,overtaking,7,7,0,8.648,0.9976,1.0193,2.6695,196.21
TC-CBF,overtaking,8,8,0,9.754,0.9938,1.0072,2.6996,198.56
TC-CBF,overtaking,9,9,0,9.446,0.995,1.0329,2.6689,193.63
TC-CBF,overtaking,10,10,0,8.602,0.9906,1.0043,2.6622,199.14
TC-CBF,overtaking,11,11,0,5.521,0.5849,0.8982,2.7106,222.68
TC-CBF,overtaking,12,12,0,9.077,0.9975,1.0324,2.6777,193.73
TC-CBF,overtaking,13,13,0,9.493,0.9968,1.0417,2.708,192.0
TC-CBF,overtaking,14,14,0,9.394,0.9977,1.0411,2.6736,192.1
TC-CBF,overtaking,15,15,0,8.835,0.9987,1.0275,2.6646,194.65
TC-CBF,overtaking,16,16,0,8.832,0.9966,1.0353,2.6664,193.18
TC-CBF,overtaking,17,17,0,8.065,0.9962,0.992,2.6668,201.61
TC-CBF,overtaking,18,18,0,7.82,0.999,1.0082,2.6593,198.38
TC-CBF,overtaking,19,19,0,9.551,0.991,1.0388,2.6758,192.53
TC-CBF,overtaking,20,20,0,9.511,0.9944,1.0403,2.6684,192.26
TC-CBF,overtaking,21,21,0,10.458,0.9946,1.0524,2.6636,190.05
TC-CBF,overtaking,22,22,0,8.104,0.9976,1.0212,2.6538,195.85
TC-CBF,overtaking,23,23,0,8.7,0.9986,1.014,2.6636,197.24
TC-CBF,overtaking,24,24,0,9.942,0.9937,1.0391,2.6862,192.47
TC-CBF,overtaking,25,25,0,7.839,0.995,0.8732,2.6711,229.04
TC-CBF,overtaking,26,26,0,10.545,0.9928,1.0432,2.6796,191.73
TC-CBF,overtaking,27,27,0,10.657,0.9925,1.0434,2.6734,191.68
TC-CBF,overtaking,28,28,0,10.272,0.9937,1.0454,2.6738,191.31
TC-CBF,overtaking,29,29,0,5.722,0.5918,0.907,2.6939,220.5
TC-CBF,overtaking,30,30,0,9.201,0.9961,1.0353,2.6645,193.18
TC-CBF,overtaking,31,31,0,10.092,0.9948,1.0403,2.6703,192.26
TC-CBF,overtaking,32,32,0,8.154,0.9977,1.0169,2.6559,196.67
TC-CBF,overtaking,33,33,0,10.81,0.5847,0.9752,2.7056,205.09
TC-CBF,overtaking,34,34,0,8.366,0.9975,1.0139,2.6513,197.26
TC-CBF,overtaking,35,35,0,9.942,0.9932,1.0477,2.6754,190.89
TC-CBF,overtaking,36,36,0,10.8,0.707,0.9895,2.7423,202.11
TC-CBF,overtaking,37,37,0,8.967,0.9919,1.0182,2.6723,196.42
TC-CBF,overtaking,38,38,0,8.3,0.9987,1.0074,2.6596,198.54
TC-CBF,overtaking,39,39,0,7.649,1.0,0.9908,2.6578,201.86
TC-CBF,overtaking,40,40,0,9.147,0.994,1.0269,2.6625,194.76
TC-CBF,overtaking,41,41,0,5.861,0.593,0.9242,2.6967,216.41
TC-CBF,overtaking,42,42,0,8.016,0.9962,0.9955,2.6646,200.91
TC-CBF,overtaking,43,43,0,7.8,0.6145,0.954,2.7034,209.65
TC-CBF,overtaking,44,44,0,8.55,0.9988,1.0277,2.6696,194.61
TC-CBF,overtaking,45,45,0,8.427,0.9989,1.0214,2.664,195.81
TC-CBF,overtaking,46,46,0,10.007,0.9958,1.044,2.6849,191.57
TC-CBF,overtaking,47,47,0,8.394,0.9989,1.0195,2.6727,196.18
TC-CBF,overtaking,48,48,0,8.763,0.9987,1.0245,2.6632,195.21
TC-CBF,overtaking,49,49,0,8.643,0.9976,1.0217,2.6651,195.75
CC-CBF,static_obstacles,0,0,0,13.431,1.0,0.9512,2.6819,210.25
CC-CBF,static_obstacles,1,1,0,12.91,1.0,0.9288,2.6732,215.33
CC-CBF,static_obstacles,2,2,0,12.994,1.0,0.948,2.6806,210.96
CC-CBF,static_obstacles,3,3,0,12.404,1.0,0.9219,2.6769,216.95
CC-CBF,static_obstacles,4,4,0,13.16,1.0,0.9438,2.6827,211.92
CC-CBF,static_obstacles,5,5,0,12.593,1.0,0.9568,2.673,209.02
CC-CBF,static_obstacles,6,6,0,13.042,1.0,0.9485,2.6861,210.85
CC-CBF,static_obstacles,7,7,0,12.423,1.0,0.9288,2.6683,215.32
CC-CBF,static_obstacles,8,8,0,12.497,1.0,0.9211,2.6758,217.13
CC-CBF,static_obstacles,9,9,0,12.797,1.0,0.9284,2.6677,215.41
CC-CBF,static_obstacles,10,10,0,12.731,1.0,0.9304,2.6687,214.95
CC-CBF,static_obstacles,11,11,0,12.907,1.0,0.9481,2.6823,210.95
CC-CBF,static_obstacles,12,12,0,12.707,1.0,0.9418,2.6796,212.35
CC-CBF,static_obstacles,13,13,0,12.425,1.0,0.9377,2.6761,213.28
CC-CBF,static_obstacles,14,14,0,12.839,1.0,0.9189,2.6723,217.66
CC-CBF,static_obstacles,15,15,0,13.395,1.0,0.9655,2.6746,207.15
CC-CBF,static_obstacles,16,16,0,12.843,1.0,0.9359,2.6746,213.7
CC-CBF,static_obstacles,17,17,0,12.085,1.0,0.9202,2.6636,217.35
CC-CBF,static_obstacles,18,18,0,12.898,1.0,0.9302,2.6691,215.0
CC-CBF,static_obstacles,19,19,0,12.631,1.0,0.9526,2.6848,209.95
CC-CBF,static_obstacles,20,20,0,13.16,1.0,0.9356,2.6821,213.76
CC-CBF,static_obstacles,21,21,0,12.81,1.0,0.9316,2.6768,214.68
CC-CBF,static_obstacles,22,22,0,13.082,1.0,0.9409,2.6788,212.56
CC-CBF,static_obstacles,23,23,0,12.612,1.0,0.9373,2.6739,213.37
CC-CBF,static_obstacles,24,24,0,12.597,1.0,0.9292,2.6737,215.23
CC-CBF,static_obstacles,25,25,0,12.909,1.0,0.9269,2.6704,215.77
CC-CBF,static_obstacles,26,26,0,13.314,1.0,0.9396,2.6807,212.85
CC-CBF,static_obstacles,27,27,0,12.851,1.0,0.9523,2.679,210.03
CC-CBF,static_obstacles,28,28,0,12.234,1.0,0.9049,2.6659,221.01
CC-CBF,static_obstacles,29,29,0,12.629,1.0,0.9488,2.6786,210.8
CC-CBF,static_obstacles,30,30,0,12.692,1.0,0.9277,2.6716,215.59
CC-CBF,static_obstacles,31,31,0,12.982,1.0,0.9434,2.6803,212.01
CC-CBF,static_obstacles,32,32,0,13.097,1.0,0.9488,2.6855,210.8
CC-CBF,static_obstacles,33,33,0,12.939,1.0,0.9305,2.6684,214.94
CC-CBF,static_obstacles,34,34,0,12.521,1.0,0.9442,2.6762,211.82
CC-CBF,static_obstacles,35,35,0,13.042,1.0,0.951,2.6742,210.31
CC-CBF,static_obstacles,36,36,0,12.552,1.0,0.9091,2.6601,219.99
CC-CBF,static_obstacles,37,37,0,13.468,1.0,0.9538,2.6799,209.69
CC-CBF,static_obstacles,38,38,0,12.316,1.0,0.9414,2.6607,212.45
CC-CBF,static_obstacles,39,39,0,12.729,1.0,0.9414,2.6723,212.45
CC-CBF,static_obstacles,40,40,0,12.959,1.0,0.9442,2.6763,211.82
CC-CBF,static_obstacles,41,41,0,12.789,1.0,0.9366,2.6676,213.54
CC-CBF,static_obstacles,42,42,0,13.056,1.0,0.9381,2.6716,213.19
CC-CBF,static_obstacles,43,43,0,12.997,1.0,0.95,2.6888,210.53
CC-CBF,static_obstacles,44,44,0,13.196,1.0,0.9442,2.6778,211.81
CC-CBF,static_obstacles,45,45,0,12.62,1.0,0.9405,2.6767,212.66
CC-CBF,static_obstacles,46,46,0,12.84,1.0,0.9649,2.6798,207.27
CC-CBF,static_obstacles,47,47,0,12.608,1.0,0.9343,2.6774,214.06
CC-CBF,static_obstacles,48,48,0,12.473,1.0,0.9496,2.6848,210.62
CC-CBF,static_obstacles,49,49,0,12.627,1.0,0.943,2.6763,212.1
C3BF,static_obstacles,0,0,0,11.75,0.001,0.8047,2.7739,248.55
C3BF,static_obstacles,1,1,0,10.448,0.0,0.7772,2.7614,257.35
C3BF,static_obstacles,2,2,0,11.146,0.0009,0.7951,2.7551,251.54
C3BF,static_obstacles,3,3,0,11.787,0.001,0.8166,2.7259,244.92
C3BF,static_obstacles,4,4,0,12.301,0.002,0.8071,2.8031,247.8
C3BF,static_obstacles,5,5,0,10.731,0.0019,0.7916,2.7478,252.66
C3BF,static_obstacles,6,6,0,10.74,0.0019,0.7682,2.7896,260.35
C3BF,static_obstacles,7,7,0,11.905,0.001,0.8179,2.7881,244.52
C3BF,static_obstacles,8,8,0,12.67,0.001,0.8088,2.7477,247.27
C3BF,static_obstacles,9,9,0,12.239,0.0009,0.7972,2.7539,250.87
C3BF,static_obstacles,10,10,0,11.343,0.0019,0.7907,2.7766,252.96
C3BF,static_obstacles,11,11,0,11.267,0.0,0.8013,2.7504,249.6
C3BF,static_obstacles,12,12,0,11.268,0.0009,0.7875,2.7652,253.96
C3BF,static_obstacles,13,13,0,11.061,0.002,0.7994,2.7664,250.19
C3BF,static_obstacles,14,14,0,12.326,0.002,0.7885,2.7953,253.64
C3BF,static_obstacles,15,15,0,12.327,0.0019,0.8054,2.729,248.34
C3BF,static_obstacles,16,16,0,10.573,0.0,0.782,2.7593,255.77
C3BF,static_obstacles,17,17,0,10.987,0.0018,0.7757,2.7583,257.83
C3BF,static_obstacles,18,18,0,10.753,0.0,0.7994,2.7708,250.2
C3BF,static_obstacles,19,19,0,18.076,0.9952,0.8129,2.7324,246.03
C3BF,static_obstacles,20,20,0,11.402,0.0019,0.7855,2.7427,254.6
C3BF,static_obstacles,21,21,0,11.17,0.002,0.7982,2.7655,250.55
C3BF,static_obstacles,22,22,0,11.209,0.0,0.802,2.7897,249.39
C3BF,static_obstacles,23,23,0,10.887,0.001,0.7928,2.7859,252.26
C3BF,static_obstacles,24,24,0,11.657,0.0019,0.7993,2.7467,250.22
C3BF,static_obstacles,25,25,0,13.121,0.002,0.8136,2.7605,245.82
C3BF,static_obstacles,26,26,0,10.658,0.0018,0.7815,2.7313,255.92
C3BF,static_obstacles,27,27,0,11.491,0.0009,0.7874,2.7548,254.0
C3BF,static_obstacles,28,28,0,10.952,0.0019,0.7714,2.7986,259.27
C3BF,static_obstacles,29,29,0,12.557,0.002,0.8095,2.8205,247.08
C3BF,static_obstacles,30,30,0,12.762,0.002,0.808,2.8079,247.52
C3BF,static_obstacles,31,31,0,19.245,1.0,0.815,2.7346,245.4
C3BF,static_obstacles,32,32,0,11.153,0.0009,0.8028,2.759,249.14
C3BF,static_obstacles,33,33,0,11.786,0.001,0.798,2.7727,250.62
C3BF,static_obstacles,34,34,0,10.793,0.0019,0.7839,2.7574,255.14
C3BF,static_obstacles,35,35,0,11.326,0.0019,0.7932,2.7512,252.15
C3BF,static_obstacles,36,36,0,10.805,0.002,0.7935,2.776,252.06
C3BF,static_obstacles,37,37,0,11.566,0.002,0.7925,2.8042,252.38
C3BF,static_obstacles,38,38,0,11.283,0.001,0.8014,2.7425,249.57
C3BF,static_obstacles,39,39,0,13.338,0.001,0.8228,2.8083,243.07
C3BF,static_obstacles,40,40,0,11.163,0.0019,0.7906,2.7922,252.98
C3BF,static_obstacles,41,41,0,12.007,0.001,0.8015,2.7958,249.53
C3BF,static_obstacles,42,42,0,10.779,0.0009,0.7832,2.7476,255.35
C3BF,static_obstacles,43,43,0,12.279,0.001,0.8225,2.7798,243.18
C3BF,static_obstacles,44,44,0,10.811,0.001,0.7899,2.7885,253.18
C3BF,static_obstacles,45,45,0,12.901,0.001,0.8136,2.7808,245.83
C3BF,static_obstacles,46,46,0,19.474,1.0,0.831,2.7655,240.67
C3BF,static_obstacles,47,47,0,11.44,0.001,0.8117,2.7547,246.4
C3BF,static_obstacles,48,48,0,10.993,0.0019,0.788,2.7635,253.82
C3BF,static_obstacles,49,49,0,11.244,0.001,0.7944,2.7652,251.76
Rule-COLREG,static_obstacles,0,0,0,10.971,1.0,0.9696,2.6529,206.27
Rule-COLREG,static_obstacles,1,1,0,11.055,1.0,0.9523,2.6601,210.02
Rule-COLREG,static_obstacles,2,2,0,10.956,1.0,0.9661,2.6607,207.01
Rule-COLREG,static_obstacles,3,3,0,10.613,1.0,0.9433,2.6635,212.02
Rule-COLREG,static_obstacles,4,4,0,11.12,1.0,0.963,2.6542,207.69
Rule-COLREG,static_obstacles,5,5,0,10.566,1.0,0.9743,2.6505,205.29
Rule-COLREG,static_obstacles,6,6,0,11.045,1.0,0.9706,2.6603,206.05
Rule-COLREG,static_obstacles,7,7,0,10.6,1.0,0.9475,2.6517,211.08
Rule-COLREG,static_obstacles,8,8,0,10.408,1.0,0.9449,2.6559,211.67
Rule-COLREG,static_obstacles,9,9,0,10.618,1.0,0.9556,2.6594,209.3
Rule-COLREG,static_obstacles,10,10,0,10.788,1.0,0.9545,2.6557,209.54
Rule-COLREG,static_obstacles,11,11,0,10.938,1.0,0.9682,2.6569,206.58
Rule-COLREG,static_obstacles,12,12,0,10.554,1.0,0.9665,2.6528,206.92
Rule-COLREG,static_obstacles,13,13,0,10.468,1.0,0.9577,2.6569,208.83
Rule-COLREG,static_obstacles,14,14,0,10.831,1.0,0.9484,2.6559,210.88
Rule-COLREG,static_obstacles,15,15,0,11.229,1.0,0.9788,2.6569,204.32
Rule-COLREG,static_obstacles,16,16,0,10.875,1.0,0.9599,2.6559,208.36
Rule-COLREG,static_obstacles,17,17,0,10.328,1.0,0.9424,2.6593,212.22
Rule-COLREG,static_obstacles,18,18,0,10.93,1.0,0.9538,2.6592,209.68
Rule-COLREG,static_obstacles,19,19,0,10.625,1.0,0.9713,2.6602,205.9
Rule-COLREG,static_obstacles,20,20,0,10.984,1.0,0.9609,2.6582,208.14
Rule-COLREG,static_obstacles,21,21,0,10.796,1.0,0.9531,2.6527,209.84
Rule-COLREG,static_obstacles,22,22,0,10.893,1.0,0.9603,2.6598,208.26
Rule-COLREG,static_obstacles,23,23,0,10.802,1.0,0.9592,2.6647,208.52
Rule-COLREG,static_obstacles,24,24,0,10.669,1.0,0.9508,2.656,210.36
Rule-COLREG,static_obstacles,25,25,0,10.995,1.0,0.9503,2.6539,210.46
Rule-COLREG,static_obstacles,26,26,0,11.26,1.0,0.962,2.6535,207.91
Rule-COLREG,static_obstacles,27,27,0,10.917,1.0,0.9698,2.6593,206.23
Rule-COLREG,static_obstacles,28,28,0,10.377,1.0,0.9387,2.6549,213.06
Rule-COLREG,static_obstacles,29,29,0,10.597,1.0,0.9663,2.6517,206.97
Rule-COLREG,static_obstacles,30,30,0,10.722,1.0,0.9455,2.6506,211.52
Rule-COLREG,static_obstacles,31,31,0,11.098,1.0,0.9623,2.6594,207.84
Rule-COLREG,static_obstacles,32,32,0,10.942,1.0,0.9672,2.656,206.78
Rule-COLREG,static_obstacles,33,33,0,10.976,1.0,0.9567,2.6478,209.05
Rule-COLREG,static_obstacles,34,34,0,10.562,1.0,0.9632,2.6586,207.65
Rule-COLREG,static_obstacles,35,35,0,11.078,1.0,0.9693,2.6519,206.33
Rule-COLREG,static_obstacles,36,36,0,10.843,1.0,0.9346,2.6533,213.99
Rule-COLREG,static_obstacles,37,37,0,11.4,1.0,0.9728,2.6561,205.59
Rule-COLREG,static_obstacles,38,38,0,10.555,1.0,0.9593,2.6509,208.49
Rule-COLREG,static_obstacles,39,39,0,10.579,1.0,0.958,2.6612,208.77
Rule-COLREG,static_obstacles,40,40,0,10.838,1.0,0.9645,2.6498,207.35
Rule-COLREG,static_obstacles,41,41,0,10.748,1.0,0.9562,2.6459,209.16
Rule-COLREG,static_obstacles,42,42,0,10.945,1.0,0.9615,2.6513,208.0
Rule-COLREG,static_obstacles,43,43,0,10.949,1.0,0.9707,2.643,206.03
Rule-COLREG,static_obstacles,44,44,0,11.073,1.0,0.9655,2.6626,207.15
Rule-COLREG,static_obstacles,45,45,0,10.576,1.0,0.9605,2.6459,208.23
Rule-COLREG,static_obstacles,46,46,0,10.658,1.0,0.9828,2.6567,203.51
Rule-COLREG,static_obstacles,47,47,0,10.741,1.0,0.9531,2.6546,209.85
Rule-COLREG,static_obstacles,48,48,0,10.518,1.0,0.9699,2.6574,206.22
Rule-COLREG,static_obstacles,49,49,0,10.877,1.0,0.9633,2.6567,207.62
Geo-CRI,static_obstacles,0,0,1,0.0,0.328,0.9783,2.6782,204.43
Geo-CRI,static_obstacles,1,1,0,10.201,0.6209,0.9082,2.6759,220.23
Geo-CRI,static_obstacles,2,2,0,10.186,0.5078,0.9509,2.6691,210.32
Geo-CRI,static_obstacles,3,3,0,10.236,0.4742,1.0027,2.6971,199.45
Geo-CRI,static_obstacles,4,4,0,2.475,0.2845,1.0189,2.6778,196.28
Geo-CRI,static_obstacles,5,5,0,9.921,0.3768,0.9771,2.6757,204.69
Geo-CRI,static_obstacles,6,6,0,10.11,0.4525,1.002,2.6721,199.6
Geo-CRI,static_obstacles,7,7,0,10.215,0.4754,0.9917,2.6746,201.67
Geo-CRI,static_obstacles,8,8,0,10.263,0.4636,0.9903,2.7019,201.97
Geo-CRI,static_obstacles,9,9,0,10.241,0.43,0.9845,2.7396,203.14
Geo-CRI,static_obstacles,10,10,0,10.3,0.4181,1.0065,2.7429,198.71
Geo-CRI,static_obstacles,11,11,0,9.961,0.4635,0.9897,2.6643,202.08
Geo-CRI,static_obstacles,12,12,0,10.247,0.3868,0.9875,2.679,202.53
Geo-CRI,static_obstacles,13,13,0,10.228,0.386,0.9904,2.6747,201.94
Geo-CRI,static_obstacles,14,14,0,10.233,0.5128,0.9663,2.695,206.97
Geo-CRI,static_obstacles,15,15,0,9.42,0.3981,0.9825,2.6856,203.57
Geo-CRI,static_obstacles,16,16,0,10.015,0.545,0.9784,2.648,204.42
Geo-CRI,static_obstacles,17,17,0,10.229,0.4607,0.9956,2.6748,200.87
Geo-CRI,static_obstacles,18,18,0,10.162,0.6468,0.9127,2.6936,219.12
Geo-CRI,static_obstacles,19,19,0,10.195,0.4424,0.9848,2.6862,203.08
Geo-CRI,static_obstacles,20,20,0,10.3,0.3706,0.9808,2.7611,203.91
Geo-CRI,static_obstacles,21,21,0,10.236,0.4432,1.0087,2.6794,198.27
Geo-CRI,static_obstacles,22,22,0,10.201,0.5393,0.919,2.6802,217.63
Geo-CRI,static_obstacles,23,23,0,10.233,0.4099,1.0149,2.6793,197.07
Geo-CRI,static_obstacles,24,24,0,9.337,0.4317,0.9827,2.6726,203.52
Geo-CRI,static_obstacles,25,25,0,9.968,0.3941,0.9932,2.685,201.38
Geo-CRI,static_obstacles,26,26,0,10.264,0.37,1.0074,2.681,198.53
Geo-CRI,static_obstacles,27,27,0,4.354,0.2644,1.0225,2.7723,195.59
Geo-CRI,static_obstacles,28,28,0,10.259,0.416,0.9846,2.6694,203.14
Geo-CRI,static_obstacles,29,29,0,10.265,0.4422,0.9882,2.7649,202.39
Geo-CRI,static_obstacles,30,30,0,10.19,0.4108,0.9975,2.7086,200.51
Geo-CRI,static_obstacles,31,31,0,10.211,0.5871,0.9175,2.8718,217.98
Geo-CRI,static_obstacles,32,32,0,10.264,0.684,0.9254,2.6813,216.12
Geo-CRI,static_obstacles,33,33,0,10.24,0.4555,0.9738,2.6794,205.38
Geo-CRI,static_obstacles,34,34,0,10.205,0.391,1.0018,2.7863,199.64
Geo-CRI,static_obstacles,35,35,0,10.233,0.4024,1.0092,2.7853,198.18
Geo-CRI,static_obstacles,36,36,0,10.2,0.5412,0.978,2.6942,204.49
Geo-CRI,static_obstacles,37,37,0,9.152,0.3789,0.986,2.6638,202.85
Geo-CRI,static_obstacles,38,38,0,10.22,0.5019,0.9907,2.7288,201.87
Geo-CRI,static_obstacles,39,39,0,9.055,0.5165,0.9408,2.6708,212.59
Geo-CRI,static_obstacles,40,40,0,10.234,0.3722,1.0053,2.7252,198.95
Geo-CRI,static_obstacles,41,41,0,9.683,0.5088,1.0074,2.6648,198.53
Geo-CRI,static_obstacles,42,42,0,10.175,0.458,1.0105,2.7797,197.92
Geo-CRI,static_obstacles,43,43,0,9.077,0.5573,0.9412,2.6712,212.5
Geo-CRI,static_obstacles,44,44,0,8.17,0.4316,0.9612,2.6832,208.08
Geo-CRI,static_obstacles,45,45,0,10.311,0.4691,1.0042,2.7191,199.17
Geo-CRI,static_obstacles,46,46,0,10.221,0.5109,0.9549,2.7096,209.45
Geo-CRI,static_obstacles,47,47,0,10.244,0.4779,0.984,2.6992,203.25
Geo-CRI,static_obstacles,48,48,0,10.241,0.3902,0.989,2.7757,202.22
Geo-CRI,static_obstacles,49,49,0,10.23,0.5272,0.9888,2.6896,202.26
TC-CBF,static_obstacles,0,0,0,5.367,0.9811,0.4138,2.6861,483.36
TC-CBF,static_obstacles,1,1,0,7.22,0.762,0.7836,2.6995,255.23
TC-CBF,static_obstacles,2,2,0,3.932,0.5253,0.4075,2.7272,490.77
TC-CBF,static_obstacles,3,3,0,4.275,0.9975,0.4171,2.6645,479.48
TC-CBF,static_obstacles,4,4,0,6.173,0.7628,0.6384,2.7066,313.29
TC-CBF,static_obstacles,5,5,0,5.36,0.4963,0.4069,2.7316,491.56
TC-CBF,static_obstacles,6,6,0,5.449,0.9123,0.4168,2.6664,479.82
TC-CBF,static_obstacles,7,7,0,4.87,0.5318,0.408,2.7245,490.24
TC-CBF,static_obstacles,8,8,0,5.381,0.9961,0.4115,2.7009,486.03
TC-CBF,static_obstacles,9,9,0,4.726,0.9358,0.4142,2.683,482.8
TC-CBF,static_obstacles,10,10,0,3.949,0.9589,0.4111,2.7038,486.55
TC-CBF,static_obstacles,11,11,0,9.436,0.7218,0.707,2.6969,282.9
TC-CBF,static_obstacles,12,12,0,4.838,0.6551,0.4091,2.7164,488.82
TC-CBF,static_obstacles,13,13,0,4.59,0.517,0.4119,2.6984,485.57
TC-CBF,static_obstacles,14,14,0,4.636,0.9176,0.413,2.6912,484.29
TC-CBF,static_obstacles,15,15,0,5.557,0.4517,0.4072,2.7294,491.16
TC-CBF,static_obstacles,16,16,0,9.299,0.7643,0.8694,2.6921,230.04
TC-CBF,static_obstacles,17,17,0,5.34,0.9321,0.4149,2.679,482.08
TC-CBF,static_obstacles,18,18,0,5.288,0.6635,0.4044,2.748,494.5
TC-CBF,static_obstacles,19,19,0,7.522,0.574,0.4034,2.7554,495.83
TC-CBF,static_obstacles,20,20,0,4.564,0.6502,0.407,2.7307,491.39
TC-CBF,static_obstacles,21,21,0,7.728,0.5087,0.4078,2.7251,490.39
TC-CBF,static_obstacles,22,22,0,7.126,0.7128,0.6345,2.7126,315.19
TC-CBF,static_obstacles,23,23,0,3.203,0.9065,0.4076,2.7268,490.7
TC-CBF,static_obstacles,24,24,0,9.024,0.9405,0.6197,2.673,322.76
TC-CBF,static_obstacles,25,25,0,4.218,0.9467,0.4128,2.6925,484.52
TC-CBF,static_obstacles,26,26,0,4.456,0.6169,0.4029,2.759,496.42
TC-CBF,static_obstacles,27,27,0,6.442,0.5873,0.4066,2.7337,491.93
TC-CBF,static_obstacles,28,28,0,0.301,0.8057,0.6992,2.6922,286.04
TC-CBF,static_obstacles,29,29,0,3.522,0.9313,0.4119,2.6983,485.57
TC-CBF,static_obstacles,30,30,0,5.094,0.5153,0.4102,2.7098,487.62
TC-CBF,static_obstacles,31,31,0,6.711,0.6966,0.6754,2.7145,296.14
TC-CBF,static_obstacles,32,32,0,6.814,0.959,0.4177,2.6606,478.77
TC-CBF,static_obstacles,33,33,0,5.476,0.9547,0.4141,2.6839,482.97
TC-CBF,static_obstacles,34,34,0,5.154,0.5688,0.4111,2.7033,486.46
TC-CBF,static_obstacles,35,35,0,8.85,0.6855,0.8777,2.7019,227.87
TC-CBF,static_obstacles,36,36,0,3.102,0.8077,0.7122,2.7239,280.83
TC-CBF,static_obstacles,37,37,0,7.466,0.6792,0.6309,2.6865,317.01
TC-CBF,static_obstacles,38,38,0,5.564,0.6278,0.4038,2.7525,495.31
TC-CBF,static_obstacles,39,39,0,4.02,0.9266,0.4142,2.6831,482.82
TC-CBF,static_obstacles,40,40,0,4.815,0.5758,0.41,2.7109,487.82
TC-CBF,static_obstacles,41,41,0,8.173,0.9803,0.6614,2.6748,302.38
TC-CBF,static_obstacles,42,42,0,5.616,0.9883,0.4153,2.6763,481.61
TC-CBF,static_obstacles,43,43,0,9.337,0.9837,0.7544,2.6793,265.1
TC-CBF,static_obstacles,44,44,0,4.897,0.591,0.4091,2.7167,488.88
TC-CBF,static_obstacles,45,45,1,0.0,0.7748,0.5709,2.7113,350.3
TC-CBF,static_obstacles,46,46,0,8.914,0.6964,0.8475,2.7032,235.98
TC-CBF,static_obstacles,47,47,0,4.258,0.5038,0.4063,2.7355,492.24
TC-CBF,static_obstacles,48,48,0,8.003,0.693,0.7484,2.6885,267.23
TC-CBF,static_obstacles,49,49,1,0.0,0.7146,0.4069,2.7317,491.57
