controller,scenario,trial,seed,collision,min_separation,colreg_compliance,path_efficiency,avg_speed,path_length,reached_goal,runtime
CC-CBF,head_on,0,0,0,19.608,1.0,1.0185,3.0659,196.37,1,0.396
CC-CBF,head_on,1,1,0,20.66,1.0,1.0166,3.0456,196.74,1,0.358
CC-CBF,head_on,2,2,0,13.791,1.0,0.9309,2.9153,214.85,1,0.537
CC-CBF,head_on,3,3,0,18.837,1.0,0.9982,3.0085,200.36,1,0.382
CC-CBF,head_on,4,4,0,13.978,1.0,0.9211,2.9264,217.13,1,0.481
CC-CBF,head_on,5,5,0,17.009,1.0,0.9881,2.9877,202.41,1,0.379
CC-CBF,head_on,6,6,0,13.183,1.0,0.9245,2.8922,216.33,1,0.47
CC-CBF,head_on,7,7,0,19.978,1.0,1.0152,3.0448,197.0,1,0.364
CC-CBF,head_on,8,8,0,13.473,1.0,0.8588,2.9367,232.87,1,0.473
CC-CBF,head_on,9,9,0,11.705,1.0,0.7773,2.8306,257.29,1,0.503
CC-CBF,head_on,10,10,0,15.041,1.0,0.956,2.9466,209.2,1,0.412
CC-CBF,head_on,11,11,0,20.081,1.0,1.0175,3.05,196.57,1,0.364
CC-CBF,head_on,12,12,0,13.758,1.0,0.9176,2.92,217.97,1,0.417
CC-CBF,head_on,13,13,0,16.614,1.0,0.968,2.9708,206.61,1,0.394
CC-CBF,head_on,14,14,0,18.665,1.0,0.9979,3.0094,200.43,1,0.372
CC-CBF,head_on,15,15,0,16.41,1.0,0.9755,2.9713,205.01,1,0.391
CC-CBF,head_on,16,16,0,21.599,1.0,1.0237,3.0694,195.37,1,0.349
CC-CBF,head_on,17,17,0,15.766,1.0,0.9674,2.9557,206.75,1,0.385
CC-CBF,head_on,18,18,0,21.083,1.0,1.0203,3.0557,196.02,1,0.347
CC-CBF,head_on,19,19,0,18.559,1.0,1.0435,2.9694,191.67,1,0.354
CC-CBF,head_on,20,20,0,17.192,1.0,0.9898,2.9915,202.07,1,0.373
CC-CBF,head_on,21,21,0,16.215,1.0,0.9635,2.9654,207.57,1,0.379
CC-CBF,head_on,22,22,0,13.063,1.0,0.9032,2.8816,221.44,1,0.434
CC-CBF,head_on,23,23,0,18.716,1.0,1.0114,3.0421,197.74,1,0.359
CC-CBF,head_on,24,24,0,14.107,1.0,0.9491,2.9168,210.73,1,0.406
CC-CBF,head_on,25,25,0,12.977,1.0,0.8515,2.9142,234.87,1,0.44
CC-CBF,head_on,26,26,0,11.236,1.0,0.7388,2.7781,270.71,1,0.549
CC-CBF,head_on,27,27,0,11.031,1.0,0.6928,2.7235,288.67,1,0.643
CC-CBF,head_on,28,28,0,14.682,1.0,0.9419,2.9391,212.35,1,0.397
CC-CBF,head_on,29,29,0,19.15,1.0,1.0108,3.037,197.86,1,0.417
CC-CBF,head_on,30,30,0,15.058,1.0,0.9551,2.939,209.39,1,0.437
CC-CBF,head_on,31,31,0,16.883,1.0,0.9821,2.9838,203.64,1,0.397
CC-CBF,head_on,32,32,0,22.503,1.0,1.027,3.0837,194.73,1,0.484
CC-CBF,head_on,33,33,0,19.778,1.0,1.0179,3.0582,196.49,1,0.373
CC-CBF,head_on,34,34,0,13.529,1.0,0.9178,2.9058,217.92,1,0.484
CC-CBF,head_on,35,35,0,18.689,1.0,1.0059,3.0263,198.83,1,0.366
CC-CBF,head_on,36,36,0,13.211,1.0,0.842,2.9308,237.54,1,0.448
CC-CBF,head_on,37,37,0,16.16,1.0,0.9744,2.9727,205.26,1,0.387
CC-CBF,head_on,38,38,0,18.043,1.0,0.9988,3.0112,200.24,1,0.371
CC-CBF,head_on,39,39,0,20.832,1.0,1.0198,3.0573,196.12,1,0.359
CC-CBF,head_on,40,40,0,11.648,1.0,0.7196,2.845,277.95,1,0.529
CC-CBF,head_on,41,41,0,20.109,1.0,1.0164,3.0483,196.77,1,0.36
CC-CBF,head_on,42,42,0,17.572,1.0,0.9909,2.9948,201.84,1,0.373
CC-CBF,head_on,43,43,0,19.061,1.0,1.0073,3.0245,198.56,1,0.38
CC-CBF,head_on,44,44,0,16.532,1.0,0.973,2.9684,205.56,1,0.453
CC-CBF,head_on,45,45,0,15.746,1.0,0.9568,2.9525,209.03,1,0.765
CC-CBF,head_on,46,46,0,17.928,1.0,0.9968,3.0105,200.65,1,0.602
CC-CBF,head_on,47,47,0,20.763,1.0,1.0194,3.0561,196.2,1,0.724
CC-CBF,head_on,48,48,0,15.045,1.0,0.9539,2.9449,209.67,1,0.841
CC-CBF,head_on,49,49,0,17.047,1.0,0.9816,2.9767,203.75,1,0.797
C3BF,head_on,0,0,0,27.322,1.0,0.9479,3.2064,210.99,1,0.804
C3BF,head_on,1,1,0,28.53,1.0,0.9466,3.2182,211.28,1,0.729
C3BF,head_on,2,2,0,30.873,0.4073,0.9752,3.2045,205.09,1,0.546
C3BF,head_on,3,3,0,27.592,0.0905,0.9355,3.239,213.78,1,0.371
C3BF,head_on,4,4,0,31.076,0.411,0.9721,3.2072,205.75,1,0.49
C3BF,head_on,5,5,0,28.287,0.1515,0.953,3.2261,209.86,1,0.364
C3BF,head_on,6,6,0,30.808,0.4128,0.9801,3.1883,204.06,1,0.36
C3BF,head_on,7,7,0,27.928,1.0,0.9432,3.2199,212.04,1,0.366
C3BF,head_on,8,8,0,32.164,0.4209,0.9749,3.2078,205.14,1,0.367
C3BF,head_on,9,9,0,33.221,0.4439,0.988,3.1929,202.44,1,0.344
C3BF,head_on,10,10,0,29.936,0.3585,0.9658,3.2104,207.07,1,0.354
C3BF,head_on,11,11,0,28.008,1.0,0.9465,3.2113,211.31,1,0.432
C3BF,head_on,12,12,0,31.218,0.4118,0.9736,3.2046,205.42,1,0.344
C3BF,head_on,13,13,0,29.203,0.253,0.9518,3.2251,210.12,1,0.45
C3BF,head_on,14,14,0,27.6,0.0961,0.9366,3.2376,213.53,1,0.363
C3BF,head_on,15,15,0,29.055,0.2384,0.9563,3.225,209.15,1,0.371
C3BF,head_on,16,16,0,29.395,1.0,0.9569,3.2106,209.01,1,0.356
C3BF,head_on,17,17,0,29.568,0.2945,0.961,3.2217,208.13,1,0.357
C3BF,head_on,18,18,0,28.972,1.0,0.9511,3.2153,210.29,1,0.357
C3BF,head_on,19,19,0,31.601,1.0,0.9866,3.1697,202.71,1,0.345
C3BF,head_on,20,20,0,28.193,0.1474,0.9515,3.2286,210.19,1,0.366
C3BF,head_on,21,21,0,29.502,0.2908,0.9553,3.2234,209.37,1,0.354
C3BF,head_on,22,22,0,31.91,0.414,0.9799,3.2116,204.1,1,0.351
C3BF,head_on,23,23,0,26.541,1.0,0.9374,3.2132,213.36,1,0.36
C3BF,head_on,24,24,0,30.175,0.3931,0.9748,3.2031,205.16,1,0.361
C3BF,head_on,25,25,0,32.365,0.4303,0.9789,3.2023,204.31,1,0.351
C3BF,head_on,26,26,0,33.19,0.4502,0.9916,3.1838,201.7,1,0.343
C3BF,head_on,27,27,0,33.145,0.4496,0.9935,3.1801,201.31,1,0.349
C3BF,head_on,28,28,0,30.44,0.3991,0.9675,3.2122,206.71,1,0.354
C3BF,head_on,29,29,0,27.029,1.0,0.9382,3.2177,213.18,1,0.372
C3BF,head_on,30,30,0,30.177,0.3872,0.9662,3.2193,207.01,1,0.353
C3BF,head_on,31,31,0,28.652,0.196,0.9518,3.2251,210.12,1,0.352
C3BF,head_on,32,32,0,29.884,1.0,0.9642,3.2008,207.42,1,0.347
C3BF,head_on,33,33,0,27.671,1.0,0.9468,3.2076,211.23,1,0.36
C3BF,head_on,34,34,0,31.35,0.4124,0.9762,3.206,204.87,1,0.394
C3BF,head_on,35,35,0,26.982,0.0616,0.9359,3.2428,213.71,1,0.426
C3BF,head_on,36,36,0,32.501,0.4231,0.9766,3.2072,204.78,1,0.34
C3BF,head_on,37,37,0,29.033,0.2452,0.9573,3.2165,208.92,1,0.372
C3BF,head_on,38,38,0,27.539,0.0922,0.944,3.2346,211.87,1,0.403
C3BF,head_on,39,39,0,28.793,1.0,0.9505,3.2124,210.42,1,0.376
C3BF,head_on,40,40,0,33.735,0.4558,0.9911,3.1878,201.79,1,0.343
C3BF,head_on,41,41,0,28.048,1.0,0.9454,3.2125,211.55,1,0.36
C3BF,head_on,42,42,0,28.23,0.1457,0.9473,3.2329,211.12,1,0.39
C3BF,head_on,43,43,0,27.017,1.0,0.9332,3.2251,214.31,1,0.437
C3BF,head_on,44,44,0,29.249,0.2523,0.9539,3.2278,209.65,1,0.387
C3BF,head_on,45,45,0,29.9,0.3452,0.9596,3.2238,208.43,1,0.425
C3BF,head_on,46,46,0,27.586,0.1095,0.9445,3.2278,211.75,1,0.372
C3BF,head_on,47,47,0,28.684,1.0,0.9498,3.2171,210.57,1,0.36
C3BF,head_on,48,48,0,30.038,0.3921,0.9656,3.2137,207.13,1,0.353
C3BF,head_on,49,49,0,28.841,0.1905,0.9513,3.2343,210.24,1,0.347
Rule-COLREG,head_on,0,0,0,12.12,1.0,1.0336,2.8988,193.49,1,0.981
Rule-COLREG,head_on,1,1,0,7.914,1.0,1.035,2.6349,193.23,1,1.823
Rule-COLREG,head_on,2,2,0,2.264,1.0,1.0268,2.2026,194.78,1,2.901
Rule-COLREG,head_on,3,3,0,4.299,1.0,1.0294,2.5482,194.29,1,2.352
Rule-COLREG,head_on,4,4,0,2.463,1.0,1.0315,2.3236,193.9,1,2.581
Rule-COLREG,head_on,5,5,0,0.585,1.0,1.0318,2.3289,193.84,1,2.968
Rule-COLREG,head_on,6,6,0,4.274,1.0,1.0332,2.3483,193.58,1,2.998
Rule-COLREG,head_on,7,7,0,6.78,1.0,1.0377,2.5686,192.73,1,2.098
Rule-COLREG,head_on,8,8,0,3.239,1.0,1.0397,2.5323,192.37,1,2.162
Rule-COLREG,head_on,9,9,0,6.303,1.0,1.0382,2.5007,192.64,1,2.231
Rule-COLREG,head_on,10,10,0,0.119,1.0,1.0397,2.0506,192.37,1,2.666
Rule-COLREG,head_on,11,11,0,9.976,1.0,1.0345,2.8329,193.34,1,1.261
Rule-COLREG,head_on,12,12,0,2.764,1.0,1.0318,2.3585,193.83,1,2.575
Rule-COLREG,head_on,13,13,1,0.0,1.0,1.0378,2.4475,192.72,1,2.587
Rule-COLREG,head_on,14,14,0,3.505,1.0,1.0302,2.5252,194.13,1,2.338
Rule-COLREG,head_on,15,15,1,0.0,1.0,1.0341,2.3797,193.41,1,2.696
Rule-COLREG,head_on,16,16,0,12.167,1.0,1.0427,2.9107,191.81,1,0.826
Rule-COLREG,head_on,17,17,1,0.0,1.0,1.036,2.3627,193.04,1,2.797
Rule-COLREG,head_on,18,18,0,12.171,1.0,1.0393,2.9115,192.45,1,0.823
Rule-COLREG,head_on,19,19,0,16.366,1.0,1.0505,2.9023,190.38,1,0.475
Rule-COLREG,head_on,20,20,0,2.126,1.0,1.0247,2.4147,195.18,1,2.657
Rule-COLREG,head_on,21,21,1,0.0,1.0,1.036,2.4321,193.06,1,2.455
Rule-COLREG,head_on,22,22,0,2.227,1.0,1.0303,2.2696,194.12,1,2.737
Rule-COLREG,head_on,23,23,0,6.23,1.0,1.0294,2.487,194.29,1,2.468
Rule-COLREG,head_on,24,24,0,1.698,1.0,1.0356,1.9681,193.12,1,3.207
Rule-COLREG,head_on,25,25,0,4.699,1.0,1.0402,2.5254,192.28,1,2.206
Rule-COLREG,head_on,26,26,0,7.041,1.0,1.0379,2.4807,192.69,1,2.35
Rule-COLREG,head_on,27,27,0,7.309,1.0,1.0378,2.4556,192.72,1,2.571
Rule-COLREG,head_on,28,28,0,1.627,1.0,1.0362,2.1208,193.01,1,2.714
Rule-COLREG,head_on,29,29,0,6.339,1.0,1.0312,2.5266,193.95,1,2.265
Rule-COLREG,head_on,30,30,1,0.0,1.0,1.0386,2.1228,192.57,1,2.765
Rule-COLREG,head_on,31,31,1,0.0,1.0,1.0351,2.3893,193.21,1,2.728
Rule-COLREG,head_on,32,32,0,12.276,1.0,1.0473,2.898,190.97,1,0.71
Rule-COLREG,head_on,33,33,0,9.99,1.0,1.0334,2.8297,193.54,1,1.296
Rule-COLREG,head_on,34,34,0,2.425,1.0,1.031,2.2933,194.0,1,2.719
Rule-COLREG,head_on,35,35,0,5.362,1.0,1.0295,2.4994,194.26,1,2.394
Rule-COLREG,head_on,36,36,0,3.394,1.0,1.0405,2.5326,192.22,1,2.051
Rule-COLREG,head_on,37,37,1,0.0,1.0,1.0351,2.3564,193.22,1,2.694
Rule-COLREG,head_on,38,38,0,3.992,1.0,1.0249,2.4513,195.13,1,2.645
Rule-COLREG,head_on,39,39,0,12.2,1.0,1.0388,2.9106,192.53,1,0.945
Rule-COLREG,head_on,40,40,0,7.303,1.0,1.04,2.5354,192.3,1,2.018
Rule-COLREG,head_on,41,41,0,8.07,1.0,1.0335,2.6083,193.51,1,2.018
Rule-COLREG,head_on,42,42,0,2.802,1.0,1.0251,2.4644,195.1,1,2.632
Rule-COLREG,head_on,43,43,0,5.567,1.0,1.0327,2.5412,193.67,1,2.212
Rule-COLREG,head_on,44,44,1,0.0,1.0,1.0356,2.4137,193.13,1,2.548
Rule-COLREG,head_on,45,45,1,0.0,1.0,1.0374,2.4246,192.78,1,2.587
Rule-COLREG,head_on,46,46,0,3.071,1.0,1.0252,2.447,195.09,1,2.652
Rule-COLREG,head_on,47,47,0,10.49,1.0,1.036,2.8433,193.05,1,1.201
Rule-COLREG,head_on,48,48,1,0.0,1.0,1.0396,2.0731,192.38,1,2.542
Rule-COLREG,head_on,49,49,0,0.782,1.0,1.0334,2.4104,193.53,1,2.587
Geo-CRI,head_on,0,0,0,10.58,0.8799,1.0144,3.0287,197.16,1,1.422
Geo-CRI,head_on,1,1,0,10.742,0.9103,1.0165,3.0131,196.75,1,1.327
Geo-CRI,head_on,2,2,0,12.073,0.6015,1.0488,3.0268,190.69,1,1.138
Geo-CRI,head_on,3,3,1,0.0,0.9508,1.0433,2.4834,191.71,1,2.558
Geo-CRI,head_on,4,4,0,9.035,0.9015,1.0471,2.5964,191.01,1,2.081
Geo-CRI,head_on,5,5,0,1.761,0.9217,1.0438,2.3713,191.6,1,3.082
Geo-CRI,head_on,6,6,0,11.954,0.5971,1.0517,3.038,190.17,1,1.092
Geo-CRI,head_on,7,7,0,2.098,0.8992,1.0354,2.5421,193.17,1,2.463
Geo-CRI,head_on,8,8,0,12.253,0.5951,1.0505,3.0634,190.39,1,1.079
Geo-CRI,head_on,9,9,0,13.513,0.5889,1.053,3.086,189.94,1,0.512
Geo-CRI,head_on,10,10,0,6.664,0.9106,1.0455,2.4877,191.3,1,2.935
Geo-CRI,head_on,11,11,0,10.687,0.8964,1.0138,3.0166,197.28,1,1.666
Geo-CRI,head_on,12,12,0,12.073,0.6043,1.0493,3.0303,190.6,1,1.125
Geo-CRI,head_on,13,13,0,2.792,0.9332,1.0455,2.5125,191.29,1,2.369
Geo-CRI,head_on,14,14,1,0.0,0.9385,1.0443,2.4697,191.52,1,2.504
Geo-CRI,head_on,15,15,0,3.266,0.9254,1.0445,2.4493,191.48,1,2.603
Geo-CRI,head_on,16,16,0,11.583,0.9031,1.0344,3.0449,193.35,1,1.366
Geo-CRI,head_on,17,17,0,4.786,0.9184,1.0451,2.4606,191.36,1,2.619
Geo-CRI,head_on,18,18,0,11.355,0.9136,1.0271,3.0377,194.71,1,1.256
Geo-CRI,head_on,19,19,0,11.801,1.0,1.0529,3.086,189.94,1,0.458
Geo-CRI,head_on,20,20,0,1.329,0.9235,1.0435,2.3841,191.66,1,3.054
Geo-CRI,head_on,21,21,0,3.728,0.9321,1.0456,2.5152,191.27,1,2.423
Geo-CRI,head_on,22,22,0,12.446,0.5804,1.0516,3.075,190.19,1,0.914
Geo-CRI,head_on,23,23,1,0.0,0.9145,1.0398,2.3604,192.35,1,3.136
Geo-CRI,head_on,24,24,0,11.871,0.5957,1.0475,3.0453,190.94,1,1.115
Geo-CRI,head_on,25,25,0,12.183,0.5959,1.0518,3.062,190.15,1,0.898
Geo-CRI,head_on,26,26,0,14.239,0.5921,1.0528,3.0863,189.96,1,0.443
Geo-CRI,head_on,27,27,0,14.738,0.5929,1.053,3.086,189.94,1,0.445
Geo-CRI,head_on,28,28,0,7.366,0.9134,1.0463,2.5403,191.15,1,2.243
Geo-CRI,head_on,29,29,1,0.0,0.8962,1.0404,2.4555,192.23,1,2.67
Geo-CRI,head_on,30,30,0,6.359,0.9121,1.0449,2.4907,191.41,1,2.592
Geo-CRI,head_on,31,31,0,2.25,0.927,1.0443,2.4429,191.51,1,2.725
Geo-CRI,head_on,32,32,0,11.863,0.8846,1.0413,3.0487,192.06,1,1.146
Geo-CRI,head_on,33,33,0,10.605,0.8843,1.014,3.0159,197.23,1,1.456
Geo-CRI,head_on,34,34,0,11.988,0.6063,1.0505,3.0316,190.38,1,1.058
Geo-CRI,head_on,35,35,1,0.0,0.9404,1.041,2.3971,192.12,1,2.822
Geo-CRI,head_on,36,36,0,12.317,0.5988,1.0513,3.0636,190.25,1,0.965
Geo-CRI,head_on,37,37,0,4.062,0.9242,1.0443,2.442,191.52,1,2.771
Geo-CRI,head_on,38,38,1,0.0,0.9264,1.0437,2.3741,191.63,1,2.936
Geo-CRI,head_on,39,39,0,11.059,0.9083,1.0241,3.0256,195.3,1,1.305
Geo-CRI,head_on,40,40,0,14.599,0.5899,1.0531,3.0856,189.92,1,0.434
Geo-CRI,head_on,41,41,0,10.61,0.9,1.0132,3.0138,197.4,1,1.498
Geo-CRI,head_on,42,42,0,0.479,0.9296,1.0439,2.4185,191.59,1,2.868
Geo-CRI,head_on,43,43,1,0.0,0.929,1.0419,2.4459,191.96,1,2.76
Geo-CRI,head_on,44,44,0,2.966,0.9257,1.0454,2.4794,191.32,1,2.609
Geo-CRI,head_on,45,45,0,4.694,0.9234,1.0456,2.5211,191.28,1,2.442
Geo-CRI,head_on,46,46,1,0.0,0.93,1.0431,2.3868,191.74,1,2.881
Geo-CRI,head_on,47,47,0,10.899,0.8927,1.0213,3.0244,195.82,1,1.491
Geo-CRI,head_on,48,48,0,6.552,0.9123,1.0455,2.4994,191.3,1,2.464
Geo-CRI,head_on,49,49,0,1.441,0.931,1.0443,2.4541,191.51,1,2.753
TC-CBF,head_on,0,0,0,13.415,1.0,0.9915,2.8312,201.71,1,0.402
TC-CBF,head_on,1,1,0,14.696,1.0,0.9847,2.8669,203.11,1,0.4
TC-CBF,head_on,2,2,0,22.438,0.6112,0.9848,3.0357,203.08,1,0.378
TC-CBF,head_on,3,3,0,12.465,1.0,0.8961,2.8653,223.2,1,0.461
TC-CBF,head_on,4,4,0,21.972,0.5927,0.9857,3.0353,202.91,1,0.388
TC-CBF,head_on,5,5,0,16.979,0.6262,0.9657,3.0104,207.11,1,0.389
TC-CBF,head_on,6,6,0,23.387,0.64,0.9863,3.0242,202.77,1,0.451
TC-CBF,head_on,7,7,0,13.887,1.0,0.9779,2.8566,204.52,1,0.406
TC-CBF,head_on,8,8,0,22.611,0.5537,0.9938,3.031,201.26,1,0.407
TC-CBF,head_on,9,9,0,25.058,0.6067,1.003,3.0212,199.39,1,0.411
TC-CBF,head_on,10,10,0,20.625,0.608,0.9757,3.0412,204.97,1,0.445
TC-CBF,head_on,11,11,0,14.218,1.0,0.9873,2.8553,202.57,1,0.434
TC-CBF,head_on,12,12,0,22.307,0.5967,0.987,3.0335,202.64,1,0.382
TC-CBF,head_on,13,13,0,17.328,0.589,0.9734,3.0019,205.47,1,0.43
TC-CBF,head_on,14,14,0,12.276,1.0,0.8898,2.8618,224.78,1,0.508
TC-CBF,head_on,15,15,0,18.387,0.6081,0.9687,3.0296,206.46,1,0.413
TC-CBF,head_on,16,16,0,14.951,1.0,1.0056,2.8494,198.88,1,0.412
TC-CBF,head_on,17,17,0,19.623,0.5931,0.9726,3.042,205.63,1,0.371
TC-CBF,head_on,18,18,0,15.132,1.0,0.9961,2.8663,200.78,1,0.397
TC-CBF,head_on,19,19,0,17.771,1.0,1.0464,2.9865,191.13,1,0.357
TC-CBF,head_on,20,20,0,16.25,0.6295,0.9671,2.9952,206.81,1,0.378
TC-CBF,head_on,21,21,0,18.32,0.5826,0.9737,3.0162,205.4,1,0.371
TC-CBF,head_on,22,22,0,23.262,0.5912,0.9915,3.0333,201.71,1,0.37
TC-CBF,head_on,23,23,0,12.671,1.0,0.9647,2.8382,207.32,1,0.405
TC-CBF,head_on,24,24,0,22.392,0.6235,0.9794,3.0322,204.22,1,0.367
TC-CBF,head_on,25,25,0,23.404,0.5754,0.9956,3.0276,200.88,1,0.358
TC-CBF,head_on,26,26,0,25.445,0.6276,1.0069,3.0143,198.64,1,0.363
TC-CBF,head_on,27,27,0,25.648,0.6349,1.0093,3.0116,198.16,1,0.376
TC-CBF,head_on,28,28,0,20.971,0.5916,0.9807,3.0394,203.94,1,0.366
TC-CBF,head_on,29,29,0,13.036,1.0,0.9638,2.8486,207.51,1,0.41
TC-CBF,head_on,30,30,0,20.616,0.5884,0.9785,3.0416,204.39,1,0.401
TC-CBF,head_on,31,31,0,17.093,0.6423,0.9681,3.0071,206.58,1,0.415
TC-CBF,head_on,32,32,0,16.073,1.0,1.0225,2.8765,195.59,1,0.369
TC-CBF,head_on,33,33,0,13.777,1.0,0.9895,2.843,202.12,1,0.395
TC-CBF,head_on,34,34,0,22.722,0.6014,0.9877,3.0337,202.5,1,0.378
TC-CBF,head_on,35,35,0,12.311,1.0,0.9396,2.842,212.85,1,0.411
TC-CBF,head_on,36,36,0,22.957,0.5504,0.9958,3.0294,200.84,1,0.357
TC-CBF,head_on,37,37,0,18.814,0.6232,0.9692,3.0348,206.36,1,0.37
TC-CBF,head_on,38,38,0,12.21,0.8373,0.9429,2.8861,212.12,1,0.41
TC-CBF,head_on,39,39,0,14.973,1.0,0.9968,2.8625,200.65,1,0.385
TC-CBF,head_on,40,40,0,25.558,0.6086,1.0081,3.0175,198.4,1,0.353
TC-CBF,head_on,41,41,0,14.201,1.0,0.9854,2.8567,202.96,1,0.39
TC-CBF,head_on,42,42,0,13.258,0.7586,0.962,2.8936,207.89,1,0.405
TC-CBF,head_on,43,43,0,12.882,1.0,0.9463,2.8523,211.34,1,0.443
TC-CBF,head_on,44,44,0,17.993,0.5924,0.9706,3.0193,206.06,1,0.387
TC-CBF,head_on,45,45,0,19.189,0.5699,0.9771,3.0279,204.68,1,0.377
TC-CBF,head_on,46,46,0,12.215,0.8421,0.9462,2.8878,211.37,1,0.417
TC-CBF,head_on,47,47,0,14.71,1.0,0.993,2.8612,201.42,1,0.454
TC-CBF,head_on,48,48,0,20.547,0.5971,0.9767,3.0426,204.76,1,0.37
TC-CBF,head_on,49,49,0,17.172,0.6094,0.9679,3.01,206.63,1,0.425
CC-CBF,crossing_give_way,0,0,0,23.366,1.0,0.9273,2.7511,215.67,1,0.496
CC-CBF,crossing_give_way,1,1,0,31.996,1.0,0.9702,2.7953,206.14,1,0.433
CC-CBF,crossing_give_way,2,2,0,33.323,1.0,0.9459,2.7532,211.43,1,0.435
CC-CBF,crossing_give_way,3,3,0,34.319,1.0,0.9719,2.7905,205.78,1,0.422
CC-CBF,crossing_give_way,4,4,0,29.811,1.0,0.9631,2.7784,207.67,1,0.421
CC-CBF,crossing_give_way,5,5,0,33.729,1.0,0.9318,2.7416,214.65,1,0.437
CC-CBF,crossing_give_way,6,6,0,23.804,1.0,0.9263,2.7403,215.92,1,0.45
CC-CBF,crossing_give_way,7,7,0,30.629,1.0,0.9595,2.7794,208.44,1,0.421
CC-CBF,crossing_give_way,8,8,0,34.788,1.0,0.9849,2.8109,203.07,1,0.411
CC-CBF,crossing_give_way,9,9,0,30.187,1.0,0.9585,2.775,208.67,1,0.422
CC-CBF,crossing_give_way,10,10,0,36.084,1.0,0.9511,2.7543,210.28,1,0.456
CC-CBF,crossing_give_way,11,11,0,28.873,1.0,0.953,2.7799,209.87,1,0.441
CC-CBF,crossing_give_way,12,12,0,30.39,1.0,0.9609,2.7735,208.14,1,0.428
CC-CBF,crossing_give_way,13,13,0,30.812,1.0,0.9747,2.7958,205.2,1,0.402
CC-CBF,crossing_give_way,14,14,0,28.829,1.0,0.9673,2.7885,206.75,1,0.417
CC-CBF,crossing_give_way,15,15,0,29.253,1.0,0.9536,2.7709,209.74,1,0.424
CC-CBF,crossing_give_way,16,16,0,26.92,1.0,0.9615,2.7886,208.01,1,0.419
CC-CBF,crossing_give_way,17,17,0,35.05,1.0,0.9507,2.7609,210.36,1,0.435
CC-CBF,crossing_give_way,18,18,0,31.447,1.0,0.9689,2.7934,206.42,1,0.403
CC-CBF,crossing_give_way,19,19,0,21.219,1.0,0.8826,2.7123,226.59,1,0.459
CC-CBF,crossing_give_way,20,20,0,22.115,1.0,0.932,2.7253,214.6,1,0.447
CC-CBF,crossing_give_way,21,21,0,24.92,0.9474,0.9698,2.7907,206.22,1,0.405
CC-CBF,crossing_give_way,22,22,0,24.825,1.0,0.9459,2.773,211.43,1,0.419
CC-CBF,crossing_give_way,23,23,0,26.348,1.0,0.9309,2.7546,214.84,1,0.43
CC-CBF,crossing_give_way,24,24,0,20.97,1.0,0.8997,2.7029,222.3,1,0.469
CC-CBF,crossing_give_way,25,25,0,40.709,1.0,0.9802,2.7952,204.03,1,0.408
CC-CBF,crossing_give_way,26,26,0,25.03,1.0,0.946,2.7621,211.42,1,0.426
CC-CBF,crossing_give_way,27,27,0,22.403,1.0,0.9352,2.7527,213.87,1,0.429
CC-CBF,crossing_give_way,28,28,0,27.068,1.0,0.9605,2.7785,208.23,1,0.43
CC-CBF,crossing_give_way,29,29,0,27.224,1.0,0.9454,2.7693,211.56,1,0.428
CC-CBF,crossing_give_way,30,30,0,24.14,1.0,0.9481,2.7722,210.95,1,0.419
CC-CBF,crossing_give_way,31,31,0,28.149,1.0,0.9561,2.7727,209.18,1,0.414
CC-CBF,crossing_give_way,32,32,0,28.426,1.0,0.9538,2.7792,209.68,1,0.427
CC-CBF,crossing_give_way,33,33,0,32.938,1.0,0.9405,2.7565,212.65,1,0.433
CC-CBF,crossing_give_way,34,34,0,31.249,1.0,0.9516,2.7639,210.18,1,0.416
CC-CBF,crossing_give_way,35,35,0,22.323,1.0,0.9099,2.729,219.8,1,0.442
CC-CBF,crossing_give_way,36,36,0,47.953,1.0,0.9885,2.8142,202.33,1,0.405
CC-CBF,crossing_give_way,37,37,0,33.529,1.0,0.9523,2.7581,210.01,1,0.436
CC-CBF,crossing_give_way,38,38,0,29.886,1.0,0.9388,2.7562,213.04,1,0.432
CC-CBF,crossing_give_way,39,39,0,33.057,1.0,0.9641,2.7867,207.46,1,0.41
CC-CBF,crossing_give_way,40,40,0,33.672,1.0,0.9656,2.7767,207.13,1,0.439
CC-CBF,crossing_give_way,41,41,0,31.955,1.0,0.9565,2.7788,209.09,1,0.431
CC-CBF,crossing_give_way,42,42,0,35.126,1.0,0.952,2.7626,210.08,1,0.429
CC-CBF,crossing_give_way,43,43,0,36.438,1.0,0.9575,2.7742,208.88,1,0.418
CC-CBF,crossing_give_way,44,44,0,30.044,1.0,0.9621,2.7831,207.88,1,0.42
CC-CBF,crossing_give_way,45,45,0,31.945,1.0,0.9695,2.7899,206.3,1,0.415
CC-CBF,crossing_give_way,46,46,0,22.635,1.0,0.944,2.7552,211.86,1,0.426
CC-CBF,crossing_give_way,47,47,0,31.29,1.0,0.9641,2.7846,207.44,1,0.408
CC-CBF,crossing_give_way,48,48,0,30.397,1.0,0.9536,2.7671,209.73,1,0.418
CC-CBF,crossing_give_way,49,49,0,29.598,1.0,0.9568,2.7797,209.02,1,0.416
C3BF,crossing_give_way,0,0,0,35.069,0.35,1.0349,3.306,193.25,1,0.323
C3BF,crossing_give_way,1,1,0,23.777,0.0511,0.9975,3.4096,200.5,1,0.33
C3BF,crossing_give_way,2,2,0,27.156,0.1628,1.0139,3.4097,197.27,1,0.322
C3BF,crossing_give_way,3,3,0,22.618,0.0204,0.9896,3.4281,202.11,1,0.337
C3BF,crossing_give_way,4,4,0,26.438,0.1255,1.0064,3.3854,198.74,1,0.327
C3BF,crossing_give_way,5,5,0,28.821,0.2439,1.0211,3.4003,195.87,1,0.323
C3BF,crossing_give_way,6,6,0,34.836,0.3537,1.0342,3.3084,193.39,1,0.335
C3BF,crossing_give_way,7,7,0,26.391,0.1284,1.0093,3.393,198.16,1,0.353
C3BF,crossing_give_way,8,8,0,26.722,0.4143,0.985,2.8621,203.06,1,0.398
C3BF,crossing_give_way,9,9,0,26.746,0.1387,1.0094,3.3868,198.14,1,0.331
C3BF,crossing_give_way,10,10,0,25.199,0.0974,1.005,3.4367,199.0,1,0.329
C3BF,crossing_give_way,11,11,0,28.123,0.197,1.0162,3.3727,196.81,1,0.334
C3BF,crossing_give_way,12,12,0,26.383,0.1273,1.0073,3.3909,198.55,1,0.335
C3BF,crossing_give_way,13,13,0,23.736,0.0476,0.9946,3.3994,201.09,1,0.34
C3BF,crossing_give_way,14,14,0,26.117,0.1143,1.0054,3.38,198.92,1,0.342
C3BF,crossing_give_way,15,15,0,28.126,0.1945,1.0151,3.3763,197.02,1,0.332
C3BF,crossing_give_way,16,16,0,27.783,0.1742,1.0134,3.362,197.36,1,0.334
C3BF,crossing_give_way,17,17,0,25.574,0.1075,1.0071,3.4265,198.58,1,0.33
C3BF,crossing_give_way,18,18,0,24.251,0.0642,1.0,3.4039,200.0,1,0.333
C3BF,crossing_give_way,19,19,0,41.854,0.4754,1.0445,3.2234,191.47,1,0.332
C3BF,crossing_give_way,20,20,0,35.537,0.3551,1.0345,3.2905,193.33,1,0.328
C3BF,crossing_give_way,21,21,0,27.557,0.1596,1.0105,3.3514,197.91,1,0.337
C3BF,crossing_give_way,22,22,0,31.249,0.2758,1.0249,3.3384,195.14,1,0.342
C3BF,crossing_give_way,23,23,0,32.867,0.3093,1.0312,3.335,193.94,1,0.37
C3BF,crossing_give_way,24,24,0,40.116,0.4465,1.042,3.2419,191.93,1,0.344
C3BF,crossing_give_way,25,25,0,27.651,0.6667,1.0006,2.8413,199.87,1,0.407
C3BF,crossing_give_way,26,26,0,31.277,0.287,1.0239,3.3389,195.34,1,0.335
C3BF,crossing_give_way,27,27,0,34.244,0.3363,1.0314,3.309,193.92,1,0.328
C3BF,crossing_give_way,28,28,0,28.155,0.1872,1.0129,3.3635,197.45,1,0.335
C3BF,crossing_give_way,29,29,0,30.273,0.2619,1.0228,3.3539,195.55,1,0.334
C3BF,crossing_give_way,30,30,0,31.364,0.2815,1.0246,3.3338,195.21,1,0.334
C3BF,crossing_give_way,31,31,0,28.324,0.2,1.0149,3.3685,197.07,1,0.341
C3BF,crossing_give_way,32,32,0,28.329,0.2043,1.0162,3.3698,196.81,1,0.349
C3BF,crossing_give_way,33,33,0,28.123,0.2078,1.0186,3.3997,196.35,1,0.363
C3BF,crossing_give_way,34,34,0,27.331,0.1643,1.0126,3.3935,197.52,1,0.329
C3BF,crossing_give_way,35,35,0,37.399,0.3825,1.0366,3.2646,192.95,1,0.33
C3BF,crossing_give_way,36,36,0,31.777,1.0,1.0199,2.8797,196.09,1,0.405
C3BF,crossing_give_way,37,37,0,26.325,0.1309,1.0085,3.4131,198.32,1,0.348
C3BF,crossing_give_way,38,38,0,29.91,0.2627,1.0223,3.3698,195.63,1,0.326
C3BF,crossing_give_way,39,39,0,24.313,0.0682,1.0008,3.4158,199.84,1,0.332
C3BF,crossing_give_way,40,40,0,24.047,0.0581,0.996,3.4204,200.8,1,0.348
C3BF,crossing_give_way,41,41,0,26.016,0.1198,1.0089,3.403,198.24,1,0.344
C3BF,crossing_give_way,42,42,0,25.391,0.1019,1.0064,3.429,198.73,1,0.334
C3BF,crossing_give_way,43,43,0,23.784,0.0577,0.9997,3.4461,200.07,1,0.333
C3BF,crossing_give_way,44,44,0,26.23,0.1199,1.0068,3.3869,198.65,1,0.341
C3BF,crossing_give_way,45,45,0,24.027,0.0568,0.9971,3.4081,200.58,1,0.352
C3BF,crossing_give_way,46,46,0,33.156,0.3152,1.0285,3.3155,194.46,1,0.327
C3BF,crossing_give_way,47,47,0,25.295,0.0928,1.0037,3.4,199.25,1,0.331
C3BF,crossing_give_way,48,48,0,27.589,0.1715,1.0125,3.3851,197.54,1,0.345
C3BF,crossing_give_way,49,49,0,27.205,0.1585,1.0126,3.3819,197.52,1,0.339
Rule-COLREG,crossing_give_way,0,0,1,0.0,0.9936,1.0318,2.3315,193.84,1,2.966
Rule-COLREG,crossing_give_way,1,1,0,12.206,1.0,1.0374,2.7922,192.79,1,0.581
Rule-COLREG,crossing_give_way,2,2,0,8.715,1.0,1.0326,2.7417,193.68,1,0.757
Rule-COLREG,crossing_give_way,3,3,0,13.2,1.0,1.0381,2.8108,192.67,1,0.557
Rule-COLREG,crossing_give_way,4,4,0,9.128,1.0,1.0339,2.7697,193.45,1,0.674
Rule-COLREG,crossing_give_way,5,5,0,8.539,1.0,1.0345,2.6075,193.33,1,1.832
Rule-COLREG,crossing_give_way,6,6,1,0.0,1.0,1.0336,2.3004,193.49,1,3.336
Rule-COLREG,crossing_give_way,7,7,0,9.22,1.0,1.0342,2.7708,193.39,1,0.64
Rule-COLREG,crossing_give_way,8,8,0,16.382,1.0,1.0402,2.834,192.27,1,0.542
Rule-COLREG,crossing_give_way,9,9,0,8.55,1.0,1.0336,2.7567,193.5,1,0.85
Rule-COLREG,crossing_give_way,10,10,0,10.277,1.0,1.0354,2.7735,193.16,1,0.674
Rule-COLREG,crossing_give_way,11,11,0,8.594,1.0,1.0356,2.6694,193.13,1,1.617
Rule-COLREG,crossing_give_way,12,12,0,9.285,1.0,1.034,2.7653,193.42,1,0.661
Rule-COLREG,crossing_give_way,13,13,0,12.131,1.0,1.0373,2.7945,192.81,1,0.56
Rule-COLREG,crossing_give_way,14,14,0,9.516,1.0,1.0346,2.7718,193.31,1,0.581
Rule-COLREG,crossing_give_way,15,15,0,8.584,1.0,1.0351,2.6612,193.22,1,1.578
Rule-COLREG,crossing_give_way,16,16,0,8.618,1.0,1.0337,2.7214,193.47,1,1.109
Rule-COLREG,crossing_give_way,17,17,0,10.297,1.0,1.0348,2.7654,193.28,1,0.637
Rule-COLREG,crossing_give_way,18,18,0,11.181,1.0,1.0361,2.7978,193.04,1,0.576
Rule-COLREG,crossing_give_way,19,19,0,13.892,1.0,1.0327,2.8821,193.67,1,0.52
Rule-COLREG,crossing_give_way,20,20,1,0.0,1.0,1.032,2.3469,193.79,1,2.809
Rule-COLREG,crossing_give_way,21,21,0,8.771,1.0,1.0337,2.7232,193.48,1,1.183
Rule-COLREG,crossing_give_way,22,22,0,8.457,1.0,1.0315,2.5231,193.9,1,2.074
Rule-COLREG,crossing_give_way,23,23,0,4.676,1.0,1.0341,2.4029,193.4,1,2.642
Rule-COLREG,crossing_give_way,24,24,0,11.259,1.0,1.0324,2.8766,193.73,1,0.578
Rule-COLREG,crossing_give_way,25,25,0,15.359,1.0,1.0426,2.8955,191.82,1,0.533
Rule-COLREG,crossing_give_way,26,26,0,8.556,1.0,1.0311,2.5075,193.98,1,2.122
Rule-COLREG,crossing_give_way,27,27,0,0.043,1.0,1.0346,2.3387,193.31,1,2.972
Rule-COLREG,crossing_give_way,28,28,0,8.65,1.0,1.0333,2.7036,193.56,1,1.245
Rule-COLREG,crossing_give_way,29,29,0,8.57,1.0,1.0307,2.5835,194.04,1,1.857
Rule-COLREG,crossing_give_way,30,30,0,8.234,1.0,1.0313,2.5136,193.92,1,2.126
Rule-COLREG,crossing_give_way,31,31,0,8.624,1.0,1.035,2.6554,193.24,1,1.64
Rule-COLREG,crossing_give_way,32,32,0,8.568,1.0,1.0349,2.6616,193.25,1,1.591
Rule-COLREG,crossing_give_way,33,33,0,8.53,1.0,1.0355,2.6497,193.14,1,1.669
Rule-COLREG,crossing_give_way,34,34,0,8.553,1.0,1.0328,2.7412,193.65,1,0.83
Rule-COLREG,crossing_give_way,35,35,1,0.0,0.9901,1.0316,2.3741,193.87,1,2.709
Rule-COLREG,crossing_give_way,36,36,0,22.217,1.0,1.0451,2.9398,191.37,1,0.497
Rule-COLREG,crossing_give_way,37,37,0,9.449,1.0,1.0336,2.7624,193.49,1,0.715
Rule-COLREG,crossing_give_way,38,38,0,8.602,1.0,1.0332,2.5768,193.58,1,1.822
Rule-COLREG,crossing_give_way,39,39,0,11.386,1.0,1.0362,2.7913,193.01,1,0.634
Rule-COLREG,crossing_give_way,40,40,0,11.216,1.0,1.0367,2.8001,192.92,1,0.608
Rule-COLREG,crossing_give_way,41,41,0,10.134,1.0,1.0344,2.7622,193.34,1,0.615
Rule-COLREG,crossing_give_way,42,42,0,10.544,1.0,1.0348,2.7691,193.27,1,0.636
Rule-COLREG,crossing_give_way,43,43,0,12.167,1.0,1.0372,2.7908,192.83,1,0.574
Rule-COLREG,crossing_give_way,44,44,0,9.574,1.0,1.0343,2.7666,193.37,1,0.62
Rule-COLREG,crossing_give_way,45,45,0,11.45,1.0,1.0368,2.7979,192.9,1,0.586
Rule-COLREG,crossing_give_way,46,46,0,3.361,1.0,1.0338,2.3924,193.47,1,2.588
Rule-COLREG,crossing_give_way,47,47,0,10.684,1.0,1.0351,2.7762,193.21,1,0.586
Rule-COLREG,crossing_give_way,48,48,0,8.487,1.0,1.033,2.7292,193.62,1,1.107
Rule-COLREG,crossing_give_way,49,49,0,8.492,1.0,1.0335,2.7451,193.51,1,0.868
Geo-CRI,crossing_give_way,0,0,0,20.713,0.8057,1.0527,3.0866,189.98,1,0.495
Geo-CRI,crossing_give_way,1,1,0,5.67,0.538,1.0449,2.6214,191.4,1,2.182
Geo-CRI,crossing_give_way,2,2,0,9.332,0.7231,1.0458,3.0869,191.24,1,1.271
Geo-CRI,crossing_give_way,3,3,0,8.613,0.8955,1.0483,2.6936,190.79,1,1.965
Geo-CRI,crossing_give_way,4,4,1,0.0,0.5163,1.0412,2.5238,192.08,1,2.751
Geo-CRI,crossing_give_way,5,5,0,9.445,0.6839,1.053,3.0859,189.94,1,0.48
Geo-CRI,crossing_give_way,6,6,0,20.52,0.7898,1.0528,3.0865,189.97,1,0.498
Geo-CRI,crossing_give_way,7,7,1,0.0,0.5177,1.0411,2.5295,192.1,1,2.53
Geo-CRI,crossing_give_way,8,8,0,8.752,0.8738,1.0521,2.7959,190.11,1,1.554
Geo-CRI,crossing_give_way,9,9,1,0.0,0.6054,1.04,2.5169,192.3,1,2.574
Geo-CRI,crossing_give_way,10,10,0,3.865,0.5008,1.0422,2.5361,191.9,1,2.501
Geo-CRI,crossing_give_way,11,11,0,9.407,0.7209,1.0505,3.0857,190.39,1,0.922
Geo-CRI,crossing_give_way,12,12,1,0.0,0.5141,1.0415,2.5169,192.03,1,2.567
Geo-CRI,crossing_give_way,13,13,0,6.075,0.8728,1.0448,2.6229,191.42,1,1.978
Geo-CRI,crossing_give_way,14,14,1,0.0,0.518,1.0418,2.5447,191.97,1,2.453
Geo-CRI,crossing_give_way,15,15,0,9.397,0.7139,1.0503,3.0862,190.42,1,0.931
Geo-CRI,crossing_give_way,16,16,0,9.5,0.7316,1.0479,3.0859,190.86,1,0.959
Geo-CRI,crossing_give_way,17,17,0,2.227,0.5063,1.0412,2.5268,192.09,1,2.543
Geo-CRI,crossing_give_way,18,18,0,4.629,0.5248,1.0444,2.602,191.49,1,2.078
Geo-CRI,crossing_give_way,19,19,0,32.622,1.0,1.0529,3.086,189.94,1,0.47
Geo-CRI,crossing_give_way,20,20,0,21.341,0.8057,1.0527,3.0867,189.99,1,0.472
Geo-CRI,crossing_give_way,21,21,0,9.522,0.7339,1.046,3.0864,191.2,1,1.017
Geo-CRI,crossing_give_way,22,22,0,13.507,0.7166,1.0528,3.0865,189.97,1,0.497
Geo-CRI,crossing_give_way,23,23,0,16.672,0.7479,1.0535,3.087,189.85,1,0.506
Geo-CRI,crossing_give_way,24,24,0,29.925,1.0,1.0529,3.0861,189.95,1,0.498
Geo-CRI,crossing_give_way,25,25,0,8.499,0.8394,1.0532,2.8709,189.9,1,1.456
Geo-CRI,crossing_give_way,26,26,0,13.516,0.7101,1.0528,3.0863,189.96,1,0.513
Geo-CRI,crossing_give_way,27,27,0,19.142,0.774,1.053,3.086,189.94,1,0.502
Geo-CRI,crossing_give_way,28,28,0,9.43,0.7097,1.0503,3.0863,190.42,1,0.936
Geo-CRI,crossing_give_way,29,29,0,11.539,0.6993,1.053,3.086,189.94,1,0.508
Geo-CRI,crossing_give_way,30,30,0,13.628,0.7163,1.0529,3.086,189.94,1,0.481
Geo-CRI,crossing_give_way,31,31,0,9.484,0.7167,1.0503,3.0863,190.43,1,0.872
Geo-CRI,crossing_give_way,32,32,0,9.481,0.722,1.0503,3.0864,190.43,1,0.906
Geo-CRI,crossing_give_way,33,33,0,9.434,0.7241,1.0505,3.0857,190.39,1,0.914
Geo-CRI,crossing_give_way,34,34,0,9.348,0.7273,1.0454,3.0857,191.32,1,1.189
Geo-CRI,crossing_give_way,35,35,0,24.498,0.8579,1.053,3.0857,189.93,1,0.491
Geo-CRI,crossing_give_way,36,36,0,9.21,0.7187,1.053,3.0858,189.93,1,0.484
Geo-CRI,crossing_give_way,37,37,1,0.0,0.508,1.0401,2.4989,192.29,1,2.769
Geo-CRI,crossing_give_way,38,38,0,11.054,0.6937,1.0529,3.0861,189.95,1,0.522
Geo-CRI,crossing_give_way,39,39,0,5.136,0.5264,1.044,2.5994,191.58,1,2.212
Geo-CRI,crossing_give_way,40,40,0,6.036,0.5316,1.0446,2.6028,191.46,1,2.193
Geo-CRI,crossing_give_way,41,41,0,0.19,0.5182,1.0413,2.538,192.06,1,2.56
Geo-CRI,crossing_give_way,42,42,0,3.1,0.5063,1.042,2.5379,191.94,1,2.494
Geo-CRI,crossing_give_way,43,43,0,7.106,0.5286,1.0448,2.6292,191.42,1,2.045
Geo-CRI,crossing_give_way,44,44,1,0.0,0.5182,1.0423,2.5342,191.89,1,2.619
Geo-CRI,crossing_give_way,45,45,0,5.425,0.5345,1.045,2.6067,191.38,1,2.11
Geo-CRI,crossing_give_way,46,46,0,16.823,0.7442,1.0528,3.0866,189.98,1,0.508
Geo-CRI,crossing_give_way,47,47,0,2.494,0.5154,1.0431,2.5624,191.74,1,2.653
Geo-CRI,crossing_give_way,48,48,0,9.396,0.7227,1.047,3.086,191.02,1,1.075
Geo-CRI,crossing_give_way,49,49,0,9.34,0.7325,1.0445,3.0858,191.47,1,1.131
TC-CBF,crossing_give_way,0,0,0,22.422,0.7954,1.0509,3.0995,190.31,1,0.343
TC-CBF,crossing_give_way,1,1,0,13.82,0.6923,0.9597,3.1408,208.39,1,0.383
TC-CBF,crossing_give_way,2,2,0,14.766,0.6477,1.0165,3.1035,196.76,1,0.36
TC-CBF,crossing_give_way,3,3,0,13.458,0.6683,0.9083,3.1368,220.2,1,0.395
TC-CBF,crossing_give_way,4,4,0,14.612,0.6817,1.0072,3.1099,198.56,1,0.366
TC-CBF,crossing_give_way,5,5,0,16.827,0.6673,1.0296,3.1104,194.25,1,0.371
TC-CBF,crossing_give_way,6,6,0,22.714,0.7783,1.0505,3.1008,190.39,1,0.347
TC-CBF,crossing_give_way,7,7,0,14.473,0.6822,1.0095,3.1151,198.12,1,0.36
TC-CBF,crossing_give_way,8,8,0,13.392,0.6296,0.8547,2.8662,234.01,1,0.464
TC-CBF,crossing_give_way,9,9,0,14.658,0.6747,1.0128,3.1073,197.47,1,0.36
TC-CBF,crossing_give_way,10,10,0,14.15,0.6431,0.9878,3.1055,202.48,1,0.374
TC-CBF,crossing_give_way,11,11,0,15.062,0.6878,1.0271,3.108,194.72,1,0.354
TC-CBF,crossing_give_way,12,12,0,14.55,0.6747,1.0069,3.1084,198.63,1,0.36
TC-CBF,crossing_give_way,13,13,0,13.833,0.6868,0.9537,3.1322,209.7,1,0.371
TC-CBF,crossing_give_way,14,14,0,14.567,0.6952,1.0043,3.1163,199.14,1,0.361
TC-CBF,crossing_give_way,15,15,0,15.161,0.6698,1.0251,3.1041,195.09,1,0.357
TC-CBF,crossing_give_way,16,16,0,15.115,0.695,1.0242,3.1096,195.28,1,0.358
TC-CBF,crossing_give_way,17,17,0,14.187,0.6541,0.9971,3.1097,200.57,1,0.372
TC-CBF,crossing_give_way,18,18,0,13.95,0.6923,0.973,3.1358,205.55,1,0.373
TC-CBF,crossing_give_way,19,19,0,31.201,1.0,1.0529,3.086,189.94,1,0.339
TC-CBF,crossing_give_way,20,20,0,22.934,0.7905,1.0514,3.0982,190.23,1,0.347
TC-CBF,crossing_give_way,21,21,0,15.277,0.702,1.0203,3.109,196.02,1,0.358
TC-CBF,crossing_give_way,22,22,0,18.66,0.7046,1.0418,3.1088,191.97,1,0.343
TC-CBF,crossing_give_way,23,23,0,20.579,0.7422,1.047,3.1084,191.01,1,0.342
TC-CBF,crossing_give_way,24,24,0,28.408,1.0,1.0529,3.0861,189.95,1,0.353
TC-CBF,crossing_give_way,25,25,0,21.101,0.641,0.7006,2.8849,285.45,1,0.561
TC-CBF,crossing_give_way,26,26,0,19.282,0.6963,1.0403,3.1085,192.26,1,0.343
TC-CBF,crossing_give_way,27,27,0,22.175,0.7564,1.0491,3.1025,190.65,1,0.343
TC-CBF,crossing_give_way,28,28,0,15.309,0.6758,1.025,3.1045,195.11,1,0.35
TC-CBF,crossing_give_way,29,29,0,17.512,0.6891,1.0377,3.1087,192.74,1,0.348
TC-CBF,crossing_give_way,30,30,0,18.886,0.7042,1.0413,3.1078,192.06,1,0.35
TC-CBF,crossing_give_way,31,31,0,15.333,0.669,1.0262,3.1035,194.9,1,0.362
TC-CBF,crossing_give_way,32,32,0,15.177,0.682,1.0282,3.1071,194.51,1,0.351
TC-CBF,crossing_give_way,33,33,0,15.107,0.6599,1.0255,3.1054,195.02,1,0.359
TC-CBF,crossing_give_way,34,34,0,14.781,0.6652,1.0184,3.1049,196.38,1,0.385
TC-CBF,crossing_give_way,35,35,0,24.36,0.8329,1.0523,3.0905,190.07,1,0.36
TC-CBF,crossing_give_way,36,36,0,14.064,0.8261,1.0527,3.0086,189.99,1,0.352
TC-CBF,crossing_give_way,37,37,0,14.41,0.6567,1.005,3.1047,199.01,1,0.361
TC-CBF,crossing_give_way,38,38,0,17.56,0.6824,1.0357,3.1095,193.1,1,0.354
TC-CBF,crossing_give_way,39,39,0,13.923,0.6815,0.9745,3.1332,205.23,1,0.361
TC-CBF,crossing_give_way,40,40,0,13.842,0.673,0.9621,3.119,207.88,1,0.377
TC-CBF,crossing_give_way,41,41,0,14.311,0.6826,1.006,3.1184,198.8,1,0.365
TC-CBF,crossing_give_way,42,42,0,14.136,0.6554,0.9935,3.1114,201.31,1,0.362
TC-CBF,crossing_give_way,43,43,0,13.73,0.6565,0.9579,3.1256,208.79,1,0.372
TC-CBF,crossing_give_way,44,44,0,14.538,0.6878,1.0064,3.1147,198.72,1,0.362
TC-CBF,crossing_give_way,45,45,0,13.883,0.6865,0.9653,3.1322,207.19,1,0.367
TC-CBF,crossing_give_way,46,46,0,20.985,0.7304,1.0462,3.1058,191.16,1,0.34
TC-CBF,crossing_give_way,47,47,0,14.197,0.6886,0.9928,3.1233,201.45,1,0.355
TC-CBF,crossing_give_way,48,48,0,14.922,0.6651,1.0203,3.1041,196.02,1,0.354
TC-CBF,crossing_give_way,49,49,0,14.753,0.683,1.019,3.1105,196.27,1,0.351
CC-CBF,overtaking,0,0,0,16.455,1.0,1.013,3.0777,197.44,1,0.362
CC-CBF,overtaking,1,1,0,14.168,1.0,1.0005,3.08,199.89,1,0.372
CC-CBF,overtaking,2,2,0,14.815,1.0,1.008,3.0787,198.42,1,0.367
CC-CBF,overtaking,3,3,0,14.336,1.0,1.0019,3.0829,199.62,1,0.375
CC-CBF,overtaking,4,4,0,18.85,1.0,1.0085,3.0865,198.31,1,0.363
CC-CBF,overtaking,5,5,0,14.242,1.0,0.9996,3.0828,200.08,1,0.375
CC-CBF,overtaking,6,6,0,18.958,1.0,1.0164,3.0866,196.77,1,0.364
CC-CBF,overtaking,7,7,0,14.901,1.0,1.0057,3.076,198.86,1,0.379
CC-CBF,overtaking,8,8,0,13.181,1.0,0.9951,3.0945,200.99,1,0.385
CC-CBF,overtaking,9,9,0,16.163,1.0,1.0089,3.0853,198.23,1,0.386
CC-CBF,overtaking,10,10,0,14.493,1.0,1.0051,3.0803,198.99,1,0.368
CC-CBF,overtaking,11,11,0,14.972,1.0,1.0048,3.0718,199.05,1,0.368
CC-CBF,overtaking,12,12,0,16.805,1.0,1.0095,3.086,198.12,1,0.381
CC-CBF,overtaking,13,13,0,17.93,1.0,1.0031,3.0865,199.39,1,0.385
CC-CBF,overtaking,14,14,0,19.793,1.0,1.0053,3.0869,198.95,1,0.369
CC-CBF,overtaking,15,15,0,16.082,1.0,1.01,3.0845,198.02,1,0.368
CC-CBF,overtaking,16,16,0,17.988,1.0,1.0047,3.0862,199.06,1,0.366
CC-CBF,overtaking,17,17,0,14.238,1.0,1.0012,3.0803,199.76,1,0.374
CC-CBF,overtaking,18,18,0,14.427,1.0,1.0018,3.0809,199.64,1,0.374
CC-CBF,overtaking,19,19,0,20.616,1.0,1.0126,3.0862,197.52,1,0.37
CC-CBF,overtaking,20,20,0,23.73,1.0,1.0108,3.0869,197.87,1,0.366
CC-CBF,overtaking,21,21,0,26.688,1.0,1.0081,3.083,198.39,1,0.362
CC-CBF,overtaking,22,22,0,16.415,1.0,1.0087,3.0836,198.28,1,0.37
CC-CBF,overtaking,23,23,0,15.536,1.0,1.0099,3.0726,198.03,1,0.372
CC-CBF,overtaking,24,24,0,21.925,1.0,1.0142,3.0861,197.2,1,0.359
CC-CBF,overtaking,25,25,0,13.41,1.0,0.9879,3.0933,202.46,1,0.374
CC-CBF,overtaking,26,26,0,21.339,1.0,1.0125,3.0864,197.53,1,0.363
CC-CBF,overtaking,27,27,0,22.188,1.0,1.0134,3.0862,197.36,1,0.363
CC-CBF,overtaking,28,28,0,21.703,1.0,1.0077,3.0866,198.47,1,0.364
CC-CBF,overtaking,29,29,0,15.688,1.0,1.0088,3.0762,198.26,1,0.366
CC-CBF,overtaking,30,30,0,19.029,1.0,1.0094,3.0862,198.13,1,0.376
CC-CBF,overtaking,31,31,0,18.674,1.0,1.0101,3.0866,198.0,1,0.366
CC-CBF,overtaking,32,32,0,15.346,1.0,1.0067,3.0779,198.68,1,0.369
CC-CBF,overtaking,33,33,0,14.165,1.0,0.997,3.0813,200.59,1,0.37
CC-CBF,overtaking,34,34,0,15.215,1.0,1.0083,3.0776,198.35,1,0.385
CC-CBF,overtaking,35,35,0,25.952,1.0,1.0112,3.0856,197.79,1,0.369
CC-CBF,overtaking,36,36,0,12.943,1.0,0.9318,3.1266,214.64,1,0.398
CC-CBF,overtaking,37,37,0,15.195,1.0,1.0094,3.0815,198.14,1,0.37
CC-CBF,overtaking,38,38,0,15.187,1.0,1.0085,3.0747,198.32,1,0.395
CC-CBF,overtaking,39,39,0,13.936,1.0,0.9977,3.0769,200.46,1,0.385
CC-CBF,overtaking,40,40,0,15.223,1.0,1.0075,3.0826,198.52,1,0.37
CC-CBF,overtaking,41,41,0,14.107,1.0,0.9985,3.0746,200.31,1,0.373
CC-CBF,overtaking,42,42,0,14.259,1.0,1.0021,3.08,199.59,1,0.388
CC-CBF,overtaking,43,43,0,13.701,1.0,0.9935,3.0898,201.3,1,0.386
CC-CBF,overtaking,44,44,0,15.867,1.0,1.0065,3.0854,198.7,1,0.365
CC-CBF,overtaking,45,45,0,14.881,1.0,1.0041,3.0834,199.19,1,0.368
CC-CBF,overtaking,46,46,0,24.391,1.0,1.0108,3.0868,197.86,1,0.376
CC-CBF,overtaking,47,47,0,14.854,1.0,1.0045,3.0796,199.1,1,0.38
CC-CBF,overtaking,48,48,0,15.906,1.0,1.0104,3.0831,197.94,1,0.363
CC-CBF,overtaking,49,49,0,15.247,1.0,1.0064,3.0787,198.73,1,0.364
C3BF,overtaking,0,0,0,17.277,0.0,1.0176,3.0855,196.55,1,0.376
C3BF,overtaking,1,1,0,14.351,1.0,1.0067,3.0777,198.66,1,0.381
C3BF,overtaking,2,2,0,18.885,0.0,1.0239,3.052,195.33,1,0.374
C3BF,overtaking,3,3,0,15.656,0.0,1.0159,3.0785,196.87,1,0.371
C3BF,overtaking,4,4,0,17.438,1.0,1.0241,3.0851,195.29,1,0.367
C3BF,overtaking,5,5,0,13.831,1.0,0.9877,3.108,202.49,1,0.378
C3BF,overtaking,6,6,0,17.898,1.0,1.022,3.0989,195.69,1,0.361
C3BF,overtaking,7,7,0,14.995,1.0,1.007,3.0744,198.61,1,0.372
C3BF,overtaking,8,8,0,12.56,0.0,0.9958,3.1554,200.84,1,0.383
C3BF,overtaking,9,9,0,15.682,0.0,1.0108,3.0723,197.86,1,0.378
C3BF,overtaking,10,10,0,19.384,0.0,1.0252,3.0412,195.09,1,0.369
C3BF,overtaking,11,11,0,14.881,1.0,1.0033,3.0529,199.35,1,0.379
C3BF,overtaking,12,12,0,16.782,1.0,1.0199,3.0905,196.09,1,0.37
C3BF,overtaking,13,13,0,17.129,1.0,1.0256,3.0781,195.0,1,0.368
C3BF,overtaking,14,14,0,17.737,1.0,1.0258,3.0727,194.96,1,0.369
C3BF,overtaking,15,15,0,16.284,1.0,1.0148,3.0817,197.08,1,0.373
C3BF,overtaking,16,16,0,14.459,0.0,1.0064,3.1171,198.72,1,0.372
C3BF,overtaking,17,17,0,19.787,0.0,1.0288,3.0568,194.41,1,0.372
C3BF,overtaking,18,18,0,15.482,0.0,1.0166,3.1054,196.73,1,0.378
C3BF,overtaking,19,19,0,19.302,1.0,1.0199,3.0309,196.1,1,0.377
C3BF,overtaking,20,20,0,19.204,1.0,1.0246,3.0572,195.2,1,0.372
C3BF,overtaking,21,21,0,20.904,1.0,1.0363,3.0561,192.99,1,0.45
C3BF,overtaking,22,22,0,16.253,0.0,1.0168,3.1072,196.69,1,0.368
C3BF,overtaking,23,23,0,18.229,0.0,1.0233,3.0829,195.45,1,0.54
C3BF,overtaking,24,24,0,15.349,0.0,1.0025,3.1002,199.5,1,0.408
C3BF,overtaking,25,25,0,13.365,1.0,0.9978,3.1442,200.44,1,0.373
C3BF,overtaking,26,26,0,14.96,0.0,0.9998,3.0659,200.05,1,0.392
C3BF,overtaking,27,27,0,18.797,1.0,1.025,3.0826,195.13,1,0.418
C3BF,overtaking,28,28,0,18.425,1.0,1.0275,3.0751,194.66,1,0.367
C3BF,overtaking,29,29,0,15.679,1.0,1.0081,3.0617,198.4,1,0.384
C3BF,overtaking,30,30,0,15.299,0.0,1.0081,3.1,198.4,1,0.382
C3BF,overtaking,31,31,0,15.053,0.0,1.005,3.0736,199.01,1,0.386
C3BF,overtaking,32,32,0,16.593,0.0,1.0198,3.0958,196.12,1,0.368
C3BF,overtaking,33,33,0,20.635,0.0,1.0327,3.0692,193.66,1,0.446
C3BF,overtaking,34,34,0,15.31,1.0,1.007,3.0913,198.61,1,0.4
C3BF,overtaking,35,35,0,19.752,1.0,1.0321,3.0398,193.78,1,0.378
C3BF,overtaking,36,36,0,21.307,0.0,1.0403,3.0469,192.26,1,0.407
C3BF,overtaking,37,37,0,15.387,1.0,1.0095,3.115,198.12,1,0.387
C3BF,overtaking,38,38,0,18.436,0.0,1.0227,3.0677,195.56,1,0.368
C3BF,overtaking,39,39,0,17.764,0.0,1.0268,3.0868,194.78,1,0.393
C3BF,overtaking,40,40,0,16.002,0.0,1.0135,3.0572,197.34,1,0.424
C3BF,overtaking,41,41,0,18.715,0.0,1.0293,3.0842,194.3,1,0.389
C3BF,overtaking,42,42,0,19.558,0.0,1.0282,3.0561,194.52,1,0.397
C3BF,overtaking,43,43,0,20.501,0.0,1.0338,3.0661,193.47,1,0.406
C3BF,overtaking,44,44,0,16.132,1.0,1.0159,3.0737,196.87,1,0.493
C3BF,overtaking,45,45,0,15.275,0.0,1.0135,3.093,197.34,1,0.384
C3BF,overtaking,46,46,0,19.422,1.0,1.0285,3.0721,194.46,1,0.375
C3BF,overtaking,47,47,0,16.041,0.0,1.0174,3.0885,196.58,1,0.394
C3BF,overtaking,48,48,0,16.196,1.0,1.0147,3.0917,197.1,1,0.376
C3BF,overtaking,49,49,0,16.482,0.0,1.0185,3.0924,196.37,1,0.375
Rule-COLREG,overtaking,0,0,0,9.049,1.0,1.0301,2.816,194.15,1,2.114
Rule-COLREG,overtaking,1,1,0,8.144,1.0,1.0342,2.103,193.39,1,8.033
Rule-COLREG,overtaking,2,2,0,8.111,1.0,1.0195,1.7272,196.18,1,11.768
Rule-COLREG,overtaking,3,3,0,8.332,1.0,1.0123,2.6045,197.57,1,4.346
Rule-COLREG,overtaking,4,4,0,10.881,1.0,1.0416,2.8469,192.02,1,1.723
Rule-COLREG,overtaking,5,5,0,8.039,1.0,1.0039,1.7321,199.22,1,10.983
Rule-COLREG,overtaking,6,6,0,11.625,1.0,1.0394,2.5917,192.42,1,1.065
Rule-COLREG,overtaking,7,7,0,8.355,1.0,1.0219,2.6831,195.72,1,3.593
Rule-COLREG,overtaking,8,8,0,9.531,1.0,1.0185,2.7713,196.37,1,4.313
Rule-COLREG,overtaking,9,9,0,9.932,1.0,1.0341,2.6976,193.4,1,2.257
Rule-COLREG,overtaking,10,10,0,8.109,1.0,1.0155,1.7834,196.94,1,11.22
Rule-COLREG,overtaking,11,11,0,8.197,1.0,1.02,2.6571,196.08,1,3.767
Rule-COLREG,overtaking,12,12,0,10.606,1.0,1.0308,2.4134,194.02,1,2.861
Rule-COLREG,overtaking,13,13,0,10.504,1.0,1.0435,2.9086,191.67,1,1.916
Rule-COLREG,overtaking,14,14,0,10.781,1.0,1.0435,2.8395,191.66,1,1.491
Rule-COLREG,overtaking,15,15,0,8.943,1.0,1.0344,2.8519,193.35,1,2.318
Rule-COLREG,overtaking,16,16,0,9.951,1.0,1.038,2.6146,192.67,1,1.892
Rule-COLREG,overtaking,17,17,0,8.091,1.0,1.0132,1.8281,197.4,1,10.156
Rule-COLREG,overtaking,18,18,0,5.037,1.0,0.9205,2.0869,217.27,1,8.789
Rule-COLREG,overtaking,19,19,0,10.148,1.0,1.0417,2.7275,192.0,1,0.93
Rule-COLREG,overtaking,20,20,0,11.167,1.0,1.0432,2.7728,191.72,1,0.687
Rule-COLREG,overtaking,21,21,0,12.415,0.9217,1.0488,2.9913,190.69,1,0.581
Rule-COLREG,overtaking,22,22,0,8.188,1.0,1.0315,2.7562,193.89,1,2.883
Rule-COLREG,overtaking,23,23,0,8.869,1.0,1.0216,2.7231,195.77,1,2.489
Rule-COLREG,overtaking,24,24,0,11.009,1.0,1.0412,2.6533,192.08,1,0.839
Rule-COLREG,overtaking,25,25,0,8.181,1.0,1.021,2.1259,195.89,1,7.445
Rule-COLREG,overtaking,26,26,0,11.693,1.0,1.0431,2.751,191.73,1,0.838
Rule-COLREG,overtaking,27,27,0,11.947,1.0,1.0425,2.7428,191.84,1,0.638
Rule-COLREG,overtaking,28,28,0,11.439,1.0,1.0439,2.8073,191.59,1,0.918
Rule-COLREG,overtaking,29,29,0,8.506,1.0,1.0272,2.7463,194.7,1,2.843
Rule-COLREG,overtaking,30,30,0,10.23,1.0,1.038,2.6023,192.68,1,1.428
Rule-COLREG,overtaking,31,31,0,10.75,1.0,1.0393,2.6526,192.43,1,1.495
Rule-COLREG,overtaking,32,32,0,8.3,1.0,1.0266,2.7346,194.82,1,3.188
Rule-COLREG,overtaking,33,33,0,8.054,1.0,1.0067,1.795,198.66,1,10.476
Rule-COLREG,overtaking,34,34,0,8.15,1.0,1.0263,1.7886,194.88,1,11.04
Rule-COLREG,overtaking,35,35,0,12.856,1.0,1.045,2.8482,191.39,1,0.576
Rule-COLREG,overtaking,36,36,0,8.069,1.0,1.008,2.3622,198.4,1,3.583
Rule-COLREG,overtaking,37,37,0,8.183,1.0,1.0287,1.7532,194.43,1,11.544
Rule-COLREG,overtaking,38,38,0,8.12,1.0,1.0239,1.6869,195.33,1,12.582
Rule-COLREG,overtaking,39,39,0,8.113,1.0,1.0197,2.0146,196.13,1,8.715
Rule-COLREG,overtaking,40,40,0,9.21,1.0,1.0314,2.8085,193.91,1,2.865
Rule-COLREG,overtaking,41,41,0,8.065,1.0,1.021,1.929,195.88,1,9.807
Rule-COLREG,overtaking,42,42,0,8.081,1.0,1.0148,1.8353,197.08,1,10.118
Rule-COLREG,overtaking,43,43,0,8.043,1.0,1.0089,1.9601,198.24,1,8.567
Rule-COLREG,overtaking,44,44,0,9.584,1.0,1.0332,2.6683,193.57,1,2.57
Rule-COLREG,overtaking,45,45,0,8.328,1.0,0.9771,2.4976,204.68,1,6.295
Rule-COLREG,overtaking,46,46,0,12.099,1.0,1.0446,2.8492,191.46,1,0.629
Rule-COLREG,overtaking,47,47,0,8.27,1.0,1.0236,2.6569,195.4,1,3.973
Rule-COLREG,overtaking,48,48,0,9.136,1.0,1.0335,2.8438,193.51,1,2.325
Rule-COLREG,overtaking,49,49,0,8.205,1.0,1.0257,2.6767,194.98,1,3.798
Geo-CRI,overtaking,0,0,0,8.794,0.8102,1.0515,1.5535,190.21,1,14.442
Geo-CRI,overtaking,1,1,0,8.751,0.4579,1.0523,2.0794,190.06,1,8.874
Geo-CRI,overtaking,2,2,0,8.483,0.6103,1.0526,1.8431,190.01,1,11.451
Geo-CRI,overtaking,3,3,0,8.629,0.4886,1.0519,2.0422,190.14,1,9.443
Geo-CRI,overtaking,4,4,0,8.074,0.3931,1.0367,2.415,192.93,1,7.409
Geo-CRI,overtaking,5,5,0,8.521,0.4454,1.0527,2.359,189.98,1,5.831
Geo-CRI,overtaking,6,6,0,8.033,0.4465,1.0435,1.5102,191.67,1,15.248
Geo-CRI,overtaking,7,7,0,8.616,0.6347,1.0515,1.9102,190.2,1,10.267
Geo-CRI,overtaking,8,8,0,8.156,0.4026,1.053,2.2896,189.94,1,7.831
Geo-CRI,overtaking,9,9,0,8.05,0.4311,1.0311,2.6216,193.97,1,5.502
Geo-CRI,overtaking,10,10,0,8.347,0.5011,1.0516,2.0152,190.19,1,9.285
Geo-CRI,overtaking,11,11,0,8.676,0.597,1.0526,1.8865,190.0,1,11.045
Geo-CRI,overtaking,12,12,0,8.062,0.4183,1.0344,2.7801,193.34,1,4.336
Geo-CRI,overtaking,13,13,0,8.021,0.4065,1.03,2.38,194.18,1,8.07
Geo-CRI,overtaking,14,14,0,8.029,0.3966,1.0444,2.4889,191.49,1,7.077
Geo-CRI,overtaking,15,15,0,8.031,0.523,1.0349,1.8282,193.26,1,11.667
Geo-CRI,overtaking,16,16,0,8.022,0.3827,1.0258,2.3147,194.97,1,8.565
Geo-CRI,overtaking,17,17,0,8.333,0.43,1.0534,2.1266,189.86,1,8.463
Geo-CRI,overtaking,18,18,0,8.728,0.4769,1.0521,2.0596,190.1,1,9.11
Geo-CRI,overtaking,19,19,0,8.034,0.4561,1.0349,2.7278,193.25,1,3.939
Geo-CRI,overtaking,20,20,0,8.177,0.4195,1.0419,2.7964,191.96,1,3.458
Geo-CRI,overtaking,21,21,0,8.775,0.4073,1.0476,3.0818,190.92,1,1.79
Geo-CRI,overtaking,22,22,0,8.042,0.4979,1.0168,1.8552,196.69,1,11.947
Geo-CRI,overtaking,23,23,0,8.834,0.7893,1.0531,1.6323,189.92,1,13.168
Geo-CRI,overtaking,24,24,0,8.022,0.4508,1.0327,2.7887,193.66,1,3.656
Geo-CRI,overtaking,25,25,0,8.016,0.2954,1.0525,2.1679,190.03,1,8.72
Geo-CRI,overtaking,26,26,0,8.046,0.4272,1.0408,2.7932,192.16,1,3.71
Geo-CRI,overtaking,27,27,0,8.077,0.4414,1.0409,2.7354,192.15,1,3.747
Geo-CRI,overtaking,28,28,0,8.068,0.4039,1.0465,2.5553,191.11,1,5.474
Geo-CRI,overtaking,29,29,0,8.935,0.716,1.0501,1.7649,190.45,1,11.995
Geo-CRI,overtaking,30,30,0,8.083,0.425,1.0373,2.6468,192.8,1,4.785
Geo-CRI,overtaking,31,31,0,8.075,0.4027,1.037,2.8074,192.86,1,4.379
Geo-CRI,overtaking,32,32,0,8.588,0.6425,1.0494,1.8711,190.59,1,10.578
Geo-CRI,overtaking,33,33,0,8.442,0.4074,1.0527,2.3273,189.98,1,6.233
Geo-CRI,overtaking,34,34,0,8.433,0.6725,1.0511,1.7874,190.27,1,11.493
Geo-CRI,overtaking,35,35,0,8.188,0.4238,1.0487,2.8789,190.72,1,2.788
Geo-CRI,overtaking,36,36,0,8.921,0.1837,1.0531,2.8931,189.92,1,2.251
Geo-CRI,overtaking,37,37,0,8.396,0.6559,1.0506,1.7826,190.37,1,11.874
Geo-CRI,overtaking,38,38,0,8.649,0.7257,1.0522,1.7285,190.07,1,12.318
Geo-CRI,overtaking,39,39,0,8.116,0.4534,1.0536,2.0333,189.83,1,9.963
Geo-CRI,overtaking,40,40,0,8.04,0.4873,1.0283,1.945,194.5,1,10.612
Geo-CRI,overtaking,41,41,0,8.231,0.5005,1.0534,1.9847,189.85,1,10.108
Geo-CRI,overtaking,42,42,0,8.327,0.434,1.0528,2.0813,189.97,1,9.109
Geo-CRI,overtaking,43,43,0,8.127,0.289,1.0532,2.3726,189.89,1,6.288
Geo-CRI,overtaking,44,44,0,8.054,0.4239,1.0309,2.6651,194.0,1,5.421
Geo-CRI,overtaking,45,45,0,8.592,0.4769,1.0517,2.0242,190.17,1,9.493
Geo-CRI,overtaking,46,46,0,8.172,0.4238,1.0453,2.7913,191.33,1,3.486
Geo-CRI,overtaking,47,47,0,8.598,0.5055,1.0508,1.9723,190.33,1,9.717
Geo-CRI,overtaking,48,48,0,8.046,0.5588,1.0423,1.7974,191.88,1,11.654
Geo-CRI,overtaking,49,49,0,8.256,0.5492,1.0475,1.8966,190.92,1,10.666
TC-CBF,overtaking,0,0,0,10.566,1.0,1.018,2.4335,196.47,1,0.481
TC-CBF,overtaking,1,1,0,8.92,0.7769,0.9052,2.1688,220.95,1,0.611
TC-CBF,overtaking,2,2,0,9.383,0.8158,0.6165,1.9874,324.41,1,0.995
TC-CBF,overtaking,3,3,0,10.474,0.8249,0.8662,2.1838,230.9,1,0.653
TC-CBF,overtaking,4,4,0,11.358,0.9952,1.0355,2.7673,193.14,1,0.478
TC-CBF,overtaking,5,5,0,14.028,0.643,0.9838,1.9647,203.3,1,0.645
TC-CBF,overtaking,6,6,0,11.52,0.9918,1.032,2.7767,193.8,1,0.433
TC-CBF,overtaking,7,7,0,10.725,0.7786,0.8396,2.0991,238.21,1,0.694
TC-CBF,overtaking,8,8,0,11.074,0.8933,0.912,2.405,219.31,1,0.544
TC-CBF,overtaking,9,9,0,10.801,0.9976,1.023,2.5846,195.5,1,0.461
TC-CBF,overtaking,10,10,0,9.581,0.826,0.6273,2.0168,318.83,1,0.988
TC-CBF,overtaking,11,11,0,10.423,0.7781,0.8556,2.0563,233.76,1,0.698
TC-CBF,overtaking,12,12,0,11.046,0.9952,1.0285,2.6805,194.45,1,0.462
TC-CBF,overtaking,13,13,0,11.461,0.9956,1.0374,2.7924,192.8,1,0.417
TC-CBF,overtaking,14,14,0,11.445,0.9954,1.0386,2.799,192.56,1,0.456
TC-CBF,overtaking,15,15,0,10.738,0.9975,1.0203,2.5346,196.02,1,0.521
TC-CBF,overtaking,16,16,0,10.932,0.9953,1.0326,2.6553,193.68,1,0.46
TC-CBF,overtaking,17,17,0,11.914,0.7293,0.97,1.8766,206.18,1,0.664
TC-CBF,overtaking,18,18,0,10.693,0.8351,0.8751,2.1903,228.55,1,0.616
TC-CBF,overtaking,19,19,0,10.798,0.9918,1.0374,2.6835,192.79,1,0.416
TC-CBF,overtaking,20,20,0,11.297,0.9921,1.0388,2.7966,192.53,1,0.4
TC-CBF,overtaking,21,21,0,12.402,0.9911,1.0481,2.9632,190.83,1,0.371
TC-CBF,overtaking,22,22,0,10.736,0.9974,1.0206,2.47,195.97,1,0.471
TC-CBF,overtaking,23,23,0,10.545,1.0,0.9642,2.1737,207.43,1,0.571
TC-CBF,overtaking,24,24,0,11.012,0.9917,1.0354,2.7402,193.16,1,0.416
TC-CBF,overtaking,25,25,0,11.617,0.8139,0.9925,2.0609,201.51,1,0.576
TC-CBF,overtaking,26,26,0,11.6,0.9949,1.037,2.8157,192.86,1,0.398
TC-CBF,overtaking,27,27,0,11.695,0.9947,1.0375,2.8288,192.77,1,0.398
TC-CBF,overtaking,28,28,0,11.63,0.9952,1.04,2.8324,192.31,1,0.406
TC-CBF,overtaking,29,29,0,10.668,1.0,0.9919,2.3465,201.63,1,0.518
TC-CBF,overtaking,30,30,0,10.829,0.995,1.0332,2.6519,193.57,1,0.485
TC-CBF,overtaking,31,31,0,11.154,0.9951,1.0339,2.7286,193.44,1,0.446
TC-CBF,overtaking,32,32,0,10.734,0.7672,0.8178,2.1618,244.56,1,0.709
TC-CBF,overtaking,33,33,0,15.242,0.7397,0.9746,1.9487,205.21,1,0.662
TC-CBF,overtaking,34,34,0,10.638,0.7308,0.8002,2.066,249.93,1,0.748
TC-CBF,overtaking,35,35,0,11.845,0.987,1.0455,2.9031,191.3,1,0.383
TC-CBF,overtaking,36,36,0,16.209,0.7416,1.0126,2.4677,197.52,1,0.476
TC-CBF,overtaking,37,37,0,10.621,0.9898,0.8492,2.2287,235.51,1,0.641
TC-CBF,overtaking,38,38,0,10.451,0.7897,0.7394,1.9531,270.47,1,0.83
TC-CBF,overtaking,39,39,0,11.585,0.8435,0.9957,1.9658,200.87,1,0.595
TC-CBF,overtaking,40,40,0,10.775,0.9953,0.9889,2.4975,202.25,1,0.482
TC-CBF,overtaking,41,41,0,12.322,0.811,0.9865,1.9104,202.73,1,0.627
TC-CBF,overtaking,42,42,0,11.736,0.7135,0.9666,1.8721,206.92,1,0.664
TC-CBF,overtaking,43,43,0,15.506,0.7915,0.9839,2.0397,203.27,1,0.611
TC-CBF,overtaking,44,44,0,10.83,0.9976,1.018,2.5586,196.47,1,0.478
TC-CBF,overtaking,45,45,0,10.845,0.7762,0.8567,2.2388,233.47,1,0.633
TC-CBF,overtaking,46,46,0,11.814,0.9948,1.041,2.8634,192.12,1,0.397
TC-CBF,overtaking,47,47,0,10.784,0.8526,0.8184,2.1892,244.39,1,0.672
TC-CBF,overtaking,48,48,0,10.722,0.9975,1.018,2.5338,196.47,1,0.46
TC-CBF,overtaking,49,49,0,10.743,0.7747,0.8288,2.1578,241.3,1,0.679
CC-CBF,static_obstacles,0,0,0,9.111,1.0,1.0768,1.0318,185.73,0,4.099
CC-CBF,static_obstacles,1,1,0,11.709,1.0,0.9052,2.1245,220.96,1,2.35
CC-CBF,static_obstacles,2,2,0,11.511,1.0,0.9185,2.2111,217.76,1,2.257
CC-CBF,static_obstacles,3,3,0,12.317,1.0,0.9318,2.2468,214.65,1,2.136
CC-CBF,static_obstacles,4,4,0,8.638,1.0,0.9084,1.4941,220.16,1,3.352
CC-CBF,static_obstacles,5,5,0,10.244,1.0,0.8914,1.9823,224.36,1,2.592
CC-CBF,static_obstacles,6,6,0,12.889,1.0,0.9452,2.3408,211.6,1,2.036
CC-CBF,static_obstacles,7,7,0,8.917,1.0,0.9029,1.8334,221.51,1,2.761
CC-CBF,static_obstacles,8,8,0,10.716,1.0,0.9155,2.1653,218.46,1,2.277
CC-CBF,static_obstacles,9,9,0,11.632,1.0,0.9152,2.1563,218.53,1,2.312
CC-CBF,static_obstacles,10,10,0,12.289,1.0,0.9409,2.3056,212.57,1,2.087
CC-CBF,static_obstacles,11,11,0,9.503,1.0,0.9163,1.9483,218.26,1,2.603
CC-CBF,static_obstacles,12,12,0,11.31,1.0,0.9109,2.2313,219.56,1,2.358
CC-CBF,static_obstacles,13,13,0,11.564,1.0,0.9108,2.2004,219.58,1,2.336
CC-CBF,static_obstacles,14,14,0,11.552,1.0,0.9027,2.0931,221.56,1,2.423
CC-CBF,static_obstacles,15,15,0,9.047,1.0,0.8798,1.7573,227.33,1,2.99
CC-CBF,static_obstacles,16,16,0,11.513,1.0,0.9094,2.1271,219.93,1,2.586
CC-CBF,static_obstacles,17,17,0,10.329,1.0,0.919,2.1006,217.62,1,2.52
CC-CBF,static_obstacles,18,18,0,11.044,1.0,0.8882,2.0565,225.18,1,2.75
CC-CBF,static_obstacles,19,19,0,11.727,1.0,0.9081,2.1302,220.25,1,2.519
CC-CBF,static_obstacles,20,20,0,11.444,1.0,0.9006,2.2043,222.08,1,2.456
CC-CBF,static_obstacles,21,21,0,12.401,1.0,0.9396,2.2854,212.87,1,2.117
CC-CBF,static_obstacles,22,22,0,10.671,1.0,0.8812,1.8847,226.97,1,2.755
CC-CBF,static_obstacles,23,23,0,12.677,1.0,0.9455,2.3082,211.52,1,2.1
CC-CBF,static_obstacles,24,24,0,10.896,1.0,0.886,1.8447,225.74,1,2.796
CC-CBF,static_obstacles,25,25,0,9.475,1.0,0.922,1.9574,216.93,1,2.542
CC-CBF,static_obstacles,26,26,0,12.661,1.0,0.9478,2.3449,211.02,1,2.137
CC-CBF,static_obstacles,27,27,0,9.687,1.0,1.1007,1.0095,181.71,0,4.197
CC-CBF,static_obstacles,28,28,0,11.569,1.0,0.9268,2.2073,215.8,1,2.27
CC-CBF,static_obstacles,29,29,0,11.404,1.0,0.9054,2.1659,220.89,1,2.36
CC-CBF,static_obstacles,30,30,0,10.95,1.0,0.9223,2.1432,216.85,1,2.297
CC-CBF,static_obstacles,31,31,0,9.948,1.0,0.8949,1.9869,223.49,1,2.578
CC-CBF,static_obstacles,32,32,0,11.209,1.0,0.8908,2.0276,224.52,1,2.681
CC-CBF,static_obstacles,33,33,0,11.626,1.0,0.8934,2.0671,223.85,1,2.85
CC-CBF,static_obstacles,34,34,0,11.974,1.0,0.9282,2.2695,215.47,1,2.176
CC-CBF,static_obstacles,35,35,0,10.412,1.0,0.9394,2.0715,212.9,1,2.322
CC-CBF,static_obstacles,36,36,0,10.377,1.0,0.9041,2.053,221.2,1,2.775
CC-CBF,static_obstacles,37,37,0,9.386,1.0,0.9033,1.8579,221.41,1,3.044
CC-CBF,static_obstacles,38,38,0,9.629,1.0,0.9174,1.985,218.01,1,2.468
CC-CBF,static_obstacles,39,39,0,10.746,1.0,0.9096,2.1187,219.88,1,2.329
CC-CBF,static_obstacles,40,40,0,11.482,1.0,0.9341,2.3025,214.11,1,2.249
CC-CBF,static_obstacles,41,41,0,12.685,1.0,0.9455,2.2947,211.54,1,2.254
CC-CBF,static_obstacles,42,42,0,12.737,1.0,0.9394,2.2942,212.89,1,2.086
CC-CBF,static_obstacles,43,43,0,9.919,1.0,0.8628,1.6515,231.81,1,3.255
CC-CBF,static_obstacles,44,44,0,10.366,1.0,0.8737,1.9873,228.92,1,2.777
CC-CBF,static_obstacles,45,45,0,10.047,1.0,0.9332,2.1109,214.33,1,2.364
CC-CBF,static_obstacles,46,46,0,11.512,1.0,0.8905,2.1031,224.58,1,2.573
CC-CBF,static_obstacles,47,47,0,10.165,1.0,0.9006,2.012,222.09,1,2.551
CC-CBF,static_obstacles,48,48,0,11.258,1.0,0.9114,2.1184,219.44,1,2.52
CC-CBF,static_obstacles,49,49,0,12.333,1.0,0.9222,2.203,216.87,1,2.314
C3BF,static_obstacles,0,0,0,14.239,1.0,0.7845,3.1494,254.94,1,1.934
C3BF,static_obstacles,1,1,0,13.465,1.0,0.7507,3.1124,266.43,1,1.954
C3BF,static_obstacles,2,2,0,13.885,1.0,0.7742,3.1201,258.34,1,1.906
C3BF,static_obstacles,3,3,0,14.65,1.0,0.7949,3.165,251.61,1,1.802
C3BF,static_obstacles,4,4,0,14.789,1.0,0.787,3.1394,254.13,1,1.886
C3BF,static_obstacles,5,5,0,13.733,1.0,0.7694,3.1188,259.94,1,1.971
C3BF,static_obstacles,6,6,0,13.549,1.0,0.7464,3.0765,267.95,1,2.003
C3BF,static_obstacles,7,7,0,14.254,1.0,0.7991,3.1643,250.29,1,1.849
C3BF,static_obstacles,8,8,0,15.089,1.0,0.7847,3.1582,254.86,1,1.933
C3BF,static_obstacles,9,9,0,14.762,1.0,0.7733,3.1331,258.63,1,1.911
C3BF,static_obstacles,10,10,0,14.276,1.0,0.7676,3.1188,260.57,1,1.892
C3BF,static_obstacles,11,11,0,14.205,1.0,0.7799,3.1544,256.44,1,1.841
C3BF,static_obstacles,12,12,0,14.064,1.0,0.7644,3.1205,261.64,1,2.024
C3BF,static_obstacles,13,13,0,13.865,1.0,0.7764,3.1376,257.59,1,1.851
C3BF,static_obstacles,14,14,0,14.327,1.0,0.762,3.1248,262.48,1,1.916
C3BF,static_obstacles,15,15,0,14.065,1.0,0.7857,3.1291,254.55,1,1.822
C3BF,static_obstacles,16,16,0,13.513,1.0,0.7572,3.1241,264.14,1,1.907
C3BF,static_obstacles,17,17,0,13.842,1.0,0.7497,3.0984,266.77,1,1.953
C3BF,static_obstacles,18,18,0,13.653,1.0,0.7752,3.1485,258.01,1,1.954
C3BF,static_obstacles,19,19,0,18.467,1.0,0.779,3.1829,256.74,1,1.952
C3BF,static_obstacles,20,20,0,14.044,1.0,0.7596,3.1085,263.28,1,1.912
C3BF,static_obstacles,21,21,0,14.097,1.0,0.7766,3.1331,257.53,1,2.082
C3BF,static_obstacles,22,22,0,13.968,1.0,0.7798,3.1376,256.49,1,1.898
C3BF,static_obstacles,23,23,0,14.0,1.0,0.7714,3.1278,259.28,1,1.879
C3BF,static_obstacles,24,24,0,14.536,1.0,0.7787,3.1343,256.85,1,1.926
C3BF,static_obstacles,25,25,0,15.767,1.0,0.7927,3.1539,252.31,1,1.84
C3BF,static_obstacles,26,26,0,13.71,1.0,0.7598,3.0971,263.24,1,1.915
C3BF,static_obstacles,27,27,0,14.001,1.0,0.7678,3.0992,260.48,1,1.91
C3BF,static_obstacles,28,28,0,13.656,1.0,0.7394,3.0911,270.49,1,1.995
C3BF,static_obstacles,29,29,0,15.084,1.0,0.7894,3.1571,253.35,1,1.824
C3BF,static_obstacles,30,30,0,14.923,1.0,0.7896,3.1448,253.31,1,1.842
C3BF,static_obstacles,31,31,0,19.96,1.0,0.7843,3.1911,255.01,1,1.972
C3BF,static_obstacles,32,32,0,13.899,1.0,0.7832,3.1605,255.36,1,1.858
C3BF,static_obstacles,33,33,0,14.212,1.0,0.7736,3.1413,258.52,1,1.871
C3BF,static_obstacles,34,34,0,13.766,1.0,0.7617,3.0984,262.57,1,1.927
C3BF,static_obstacles,35,35,0,13.811,1.0,0.7723,3.1182,258.96,1,1.895
C3BF,static_obstacles,36,36,0,13.71,1.0,0.7676,3.1316,260.55,1,1.899
C3BF,static_obstacles,37,37,0,21.959,1.0,0.8083,3.2153,247.42,1,1.736
C3BF,static_obstacles,38,38,0,13.942,1.0,0.7805,3.1289,256.25,1,1.859
C3BF,static_obstacles,39,39,0,14.886,1.0,0.8048,3.1778,248.51,1,1.775
C3BF,static_obstacles,40,40,0,14.022,1.0,0.7706,3.1213,259.53,1,1.922
C3BF,static_obstacles,41,41,0,14.025,1.0,0.7834,3.1499,255.29,1,1.923
C3BF,static_obstacles,42,42,0,13.775,1.0,0.7601,3.1179,263.14,1,2.003
C3BF,static_obstacles,43,43,0,14.968,1.0,0.8004,3.1769,249.86,1,1.93
C3BF,static_obstacles,44,44,0,13.684,1.0,0.7668,3.1313,260.83,1,1.946
C3BF,static_obstacles,45,45,0,15.347,1.0,0.7943,3.1635,251.81,1,1.897
C3BF,static_obstacles,46,46,0,20.559,1.0,0.8056,3.2199,248.26,1,1.911
C3BF,static_obstacles,47,47,0,14.148,1.0,0.7891,3.1624,253.46,1,1.923
C3BF,static_obstacles,48,48,0,13.86,1.0,0.7653,3.113,261.32,1,1.964
C3BF,static_obstacles,49,49,0,14.008,1.0,0.772,3.1402,259.05,1,1.914
Rule-COLREG,static_obstacles,0,0,0,9.088,1.0,2.8769,0.385,69.52,0,26.976
Rule-COLREG,static_obstacles,1,1,0,8.928,1.0,2.858,0.3874,69.98,0,26.64
Rule-COLREG,static_obstacles,2,2,0,8.83,1.0,2.9516,0.375,67.76,0,26.45
Rule-COLREG,static_obstacles,3,3,0,9.015,1.0,2.8944,0.3826,69.1,0,26.398
Rule-COLREG,static_obstacles,4,4,0,9.181,1.0,0.9446,2.0049,211.72,1,8.32
Rule-COLREG,static_obstacles,5,5,0,10.361,1.0,0.9667,2.4747,206.9,1,4.456
Rule-COLREG,static_obstacles,6,6,0,9.138,1.0,0.9555,2.0134,209.31,1,7.834
Rule-COLREG,static_obstacles,7,7,0,8.927,1.0,1.3617,0.815,146.88,0,23.666
Rule-COLREG,static_obstacles,8,8,0,9.083,1.0,2.7236,0.3952,73.43,0,25.705
Rule-COLREG,static_obstacles,9,9,0,8.951,1.0,2.7529,0.3957,72.65,0,25.979
Rule-COLREG,static_obstacles,10,10,0,9.273,1.0,0.937,1.936,213.46,1,8.766
Rule-COLREG,static_obstacles,11,11,0,8.838,1.0,2.3083,0.4649,86.64,0,25.997
Rule-COLREG,static_obstacles,12,12,0,9.168,1.0,0.9514,1.8902,210.21,1,9.096
Rule-COLREG,static_obstacles,13,13,0,9.212,1.0,0.9407,1.9433,212.61,1,8.472
Rule-COLREG,static_obstacles,14,14,0,9.228,1.0,0.9345,1.9605,214.02,1,8.826
Rule-COLREG,static_obstacles,15,15,0,11.03,1.0,0.97,2.4751,206.19,1,4.562
Rule-COLREG,static_obstacles,16,16,0,10.575,1.0,0.9528,2.4753,209.91,1,4.789
Rule-COLREG,static_obstacles,17,17,0,8.88,1.0,1.3465,0.8124,148.53,0,23.518
Rule-COLREG,static_obstacles,18,18,0,9.218,1.0,0.9384,1.9457,213.12,1,8.934
Rule-COLREG,static_obstacles,19,19,0,10.419,1.0,0.9653,2.462,207.19,1,4.425
Rule-COLREG,static_obstacles,20,20,0,9.153,1.0,0.9447,2.016,211.71,1,8.171
Rule-COLREG,static_obstacles,21,21,0,9.174,1.0,0.9337,1.9309,214.19,1,8.687
Rule-COLREG,static_obstacles,22,22,0,9.322,1.0,0.9446,2.0702,211.72,1,7.437
Rule-COLREG,static_obstacles,23,23,0,9.333,1.0,0.9416,2.0782,212.41,1,7.657
Rule-COLREG,static_obstacles,24,24,0,9.056,1.0,1.3698,0.8102,146.01,0,23.629
Rule-COLREG,static_obstacles,25,25,0,8.819,1.0,2.8763,0.3757,69.53,0,25.845
Rule-COLREG,static_obstacles,26,26,0,9.027,1.0,2.8116,0.3939,71.13,0,26.837
Rule-COLREG,static_obstacles,27,27,0,9.272,1.0,0.9531,2.0564,209.85,1,7.569
Rule-COLREG,static_obstacles,28,28,0,8.839,1.0,2.7079,0.4042,73.86,0,25.528
Rule-COLREG,static_obstacles,29,29,0,10.478,1.0,0.9572,2.4608,208.94,1,4.676
Rule-COLREG,static_obstacles,30,30,0,9.156,1.0,1.3688,0.8107,146.11,0,23.88
Rule-COLREG,static_obstacles,31,31,0,10.811,1.0,0.9549,2.4639,209.44,1,4.827
Rule-COLREG,static_obstacles,32,32,0,10.606,1.0,0.9612,2.4665,208.06,1,4.705
Rule-COLREG,static_obstacles,33,33,0,8.907,1.0,2.9891,0.3705,66.91,0,26.659
Rule-COLREG,static_obstacles,34,34,0,9.21,1.0,0.9439,1.9711,211.88,1,8.45
Rule-COLREG,static_obstacles,35,35,0,10.486,1.0,0.9612,2.4609,208.08,1,4.485
Rule-COLREG,static_obstacles,36,36,0,8.896,1.0,2.935,0.3683,68.14,0,27.756
Rule-COLREG,static_obstacles,37,37,0,9.157,1.0,0.9558,1.9537,209.24,1,8.2
Rule-COLREG,static_obstacles,38,38,0,9.189,1.0,0.938,1.9645,213.21,1,9.417
Rule-COLREG,static_obstacles,39,39,0,10.347,1.0,0.9483,2.4523,210.91,1,4.966
Rule-COLREG,static_obstacles,40,40,0,9.089,1.0,0.9465,2.0455,211.3,1,7.759
Rule-COLREG,static_obstacles,41,41,0,9.219,1.0,0.9386,1.9478,213.08,1,8.945
Rule-COLREG,static_obstacles,42,42,0,9.221,1.0,0.9418,1.9634,212.35,1,8.312
Rule-COLREG,static_obstacles,43,43,0,10.429,1.0,0.9623,2.4624,207.83,1,4.604
Rule-COLREG,static_obstacles,44,44,0,9.202,1.0,0.9495,1.9534,210.64,1,8.457
Rule-COLREG,static_obstacles,45,45,0,8.94,1.0,1.8466,0.5854,108.31,0,25.549
Rule-COLREG,static_obstacles,46,46,0,10.37,1.0,0.9761,2.4551,204.89,1,3.979
Rule-COLREG,static_obstacles,47,47,0,9.121,1.0,0.9293,1.6673,215.22,1,11.97
Rule-COLREG,static_obstacles,48,48,0,10.364,1.0,0.9622,2.4757,207.85,1,4.569
Rule-COLREG,static_obstacles,49,49,0,9.179,1.0,0.9492,2.1015,210.7,1,7.133
Geo-CRI,static_obstacles,0,0,0,9.28,1.0,2.54,0.4045,78.74,0,27.682
Geo-CRI,static_obstacles,1,1,0,8.296,1.0,2.6291,0.3919,76.07,0,28.139
Geo-CRI,static_obstacles,2,2,0,8.577,1.0,1.3455,0.7945,148.65,0,25.358
Geo-CRI,static_obstacles,3,3,0,9.307,1.0,2.574,0.4007,77.7,0,27.626
Geo-CRI,static_obstacles,4,4,0,8.804,1.0,1.2982,0.8163,154.06,0,26.457
Geo-CRI,static_obstacles,5,5,0,8.469,1.0,2.8519,0.3609,70.13,0,27.134
Geo-CRI,static_obstacles,6,6,0,9.19,1.0,1.3934,0.7685,143.53,0,25.223
Geo-CRI,static_obstacles,7,7,0,8.241,1.0,2.5656,0.3982,77.95,0,27.647
Geo-CRI,static_obstacles,8,8,0,10.075,1.0,0.9926,3.0301,201.5,1,6.58
Geo-CRI,static_obstacles,9,9,0,8.623,1.0,1.3469,0.792,148.49,0,25.531
Geo-CRI,static_obstacles,10,10,0,10.03,1.0,1.009,3.0356,198.22,1,5.568
Geo-CRI,static_obstacles,11,11,0,8.431,1.0,1.3486,0.7945,148.3,0,26.556
Geo-CRI,static_obstacles,12,12,0,8.155,1.0,1.307,0.8112,153.02,0,25.524
Geo-CRI,static_obstacles,13,13,0,8.513,1.0,1.2803,0.8314,156.21,0,25.567
Geo-CRI,static_obstacles,14,14,0,10.035,1.0,0.9779,3.0298,204.51,1,6.649
Geo-CRI,static_obstacles,15,15,0,10.423,1.0,2.8556,0.3722,70.04,0,27.489
Geo-CRI,static_obstacles,16,16,0,8.358,1.0,2.5649,0.4034,77.98,0,27.913
Geo-CRI,static_obstacles,17,17,0,8.207,1.0,2.6996,0.3776,74.09,0,27.699
Geo-CRI,static_obstacles,18,18,0,8.167,1.0,2.4269,0.4098,82.41,0,27.844
Geo-CRI,static_obstacles,19,19,0,8.758,1.0,2.5027,0.4146,79.91,0,27.387
Geo-CRI,static_obstacles,20,20,0,9.089,1.0,2.409,0.4255,83.02,0,27.038
Geo-CRI,static_obstacles,21,21,0,8.839,1.0,1.3265,0.8034,150.77,0,27.296
Geo-CRI,static_obstacles,22,22,0,8.204,1.0,2.4409,0.4092,81.94,0,27.224
Geo-CRI,static_obstacles,23,23,0,8.265,1.0,2.5885,0.3921,77.27,0,27.834
Geo-CRI,static_obstacles,24,24,0,8.525,1.0,2.5695,0.4032,77.84,0,27.007
Geo-CRI,static_obstacles,25,25,0,9.897,1.0,0.9972,3.0137,200.56,1,6.152
Geo-CRI,static_obstacles,26,26,0,9.691,1.0,1.3228,0.8054,151.2,0,26.127
Geo-CRI,static_obstacles,27,27,0,8.189,1.0,2.4823,0.4084,80.57,0,27.022
Geo-CRI,static_obstacles,28,28,0,10.016,1.0,0.9894,3.0535,202.14,1,4.625
Geo-CRI,static_obstacles,29,29,0,8.435,1.0,2.6278,0.3932,76.11,0,27.81
Geo-CRI,static_obstacles,30,30,0,8.37,1.0,2.6153,0.3952,76.47,0,27.318
Geo-CRI,static_obstacles,31,31,0,8.327,1.0,2.4859,0.4073,80.45,0,26.851
Geo-CRI,static_obstacles,32,32,0,9.268,1.0,2.7587,0.378,72.5,0,27.089
Geo-CRI,static_obstacles,33,33,0,8.354,1.0,2.5671,0.3936,77.91,0,27.283
Geo-CRI,static_obstacles,34,34,0,8.6,1.0,1.2794,0.832,156.33,0,25.528
Geo-CRI,static_obstacles,35,35,0,8.531,1.0,2.326,0.4448,85.98,0,27.474
Geo-CRI,static_obstacles,36,36,0,9.054,1.0,1.3029,0.8176,153.5,0,26.831
Geo-CRI,static_obstacles,37,37,0,9.104,1.0,1.3209,0.7933,151.41,0,25.943
Geo-CRI,static_obstacles,38,38,0,8.682,1.0,1.2636,0.8405,158.28,0,26.488
Geo-CRI,static_obstacles,39,39,0,9.44,1.0,2.741,0.3782,72.96,0,27.273
Geo-CRI,static_obstacles,40,40,0,8.929,1.0,1.0038,2.6885,199.25,1,7.312
Geo-CRI,static_obstacles,41,41,0,9.3,1.0,2.7469,0.3747,72.81,0,27.202
Geo-CRI,static_obstacles,42,42,0,9.081,1.0,2.6271,0.3946,76.13,0,27.35
Geo-CRI,static_obstacles,43,43,0,9.396,1.0,2.83,0.3651,70.67,0,27.407
Geo-CRI,static_obstacles,44,44,0,8.315,1.0,2.5115,0.4037,79.63,0,27.463
Geo-CRI,static_obstacles,45,45,0,9.919,1.0,1.0056,3.0295,198.89,1,6.258
Geo-CRI,static_obstacles,46,46,0,8.54,1.0,2.3982,0.4294,83.4,0,27.527
Geo-CRI,static_obstacles,47,47,0,8.247,1.0,2.4569,0.414,81.4,0,27.986
Geo-CRI,static_obstacles,48,48,0,8.536,1.0,2.6443,0.3903,75.63,0,27.043
Geo-CRI,static_obstacles,49,49,0,8.215,1.0,2.5693,0.3955,77.84,0,27.314
TC-CBF,static_obstacles,0,0,0,9.112,1.0,1.076,1.0326,185.87,0,4.558
TC-CBF,static_obstacles,1,1,0,11.709,1.0,0.9052,2.1245,220.96,1,2.466
TC-CBF,static_obstacles,2,2,0,11.66,1.0,0.9176,2.2087,217.97,1,2.303
TC-CBF,static_obstacles,3,3,0,12.317,1.0,0.9318,2.2468,214.65,1,2.226
TC-CBF,static_obstacles,4,4,0,8.651,1.0,0.9059,1.732,220.77,1,3.081
TC-CBF,static_obstacles,5,5,0,10.244,1.0,0.8914,1.9824,224.37,1,2.688
TC-CBF,static_obstacles,6,6,0,12.889,1.0,0.9452,2.3408,211.6,1,2.089
TC-CBF,static_obstacles,7,7,0,8.917,1.0,0.902,1.833,221.73,1,2.835
TC-CBF,static_obstacles,8,8,0,10.229,1.0,0.914,2.1699,218.82,1,2.439
TC-CBF,static_obstacles,9,9,0,11.632,1.0,0.9152,2.1563,218.53,1,2.442
TC-CBF,static_obstacles,10,10,0,12.289,1.0,0.9409,2.3056,212.57,1,2.122
TC-CBF,static_obstacles,11,11,0,9.141,1.0,0.9146,1.9938,218.68,1,2.584
TC-CBF,static_obstacles,12,12,0,11.213,1.0,0.9097,2.2252,219.85,1,2.405
TC-CBF,static_obstacles,13,13,0,11.637,1.0,0.9102,2.1954,219.74,1,2.405
TC-CBF,static_obstacles,14,14,0,11.552,1.0,0.9027,2.0931,221.56,1,2.432
TC-CBF,static_obstacles,15,15,0,8.959,1.0,0.878,1.7256,227.8,1,3.109
TC-CBF,static_obstacles,16,16,0,11.513,1.0,0.9094,2.1271,219.93,1,2.38
TC-CBF,static_obstacles,17,17,0,10.329,1.0,0.919,2.1006,217.62,1,2.383
TC-CBF,static_obstacles,18,18,0,11.044,1.0,0.8877,2.054,225.31,1,2.516
TC-CBF,static_obstacles,19,19,0,11.726,1.0,0.908,2.1304,220.26,1,2.509
TC-CBF,static_obstacles,20,20,0,11.432,1.0,0.9001,2.1967,222.2,1,2.69
TC-CBF,static_obstacles,21,21,0,12.401,1.0,0.9396,2.2854,212.87,1,2.203
TC-CBF,static_obstacles,22,22,0,10.671,1.0,0.8811,1.8849,227.0,1,2.849
TC-CBF,static_obstacles,23,23,0,12.677,1.0,0.9455,2.3082,211.52,1,2.137
TC-CBF,static_obstacles,24,24,0,10.896,1.0,0.886,1.8447,225.74,1,2.887
TC-CBF,static_obstacles,25,25,0,9.374,1.0,0.9196,2.0057,217.48,1,2.614
TC-CBF,static_obstacles,26,26,0,12.662,1.0,0.9477,2.345,211.03,1,2.084
TC-CBF,static_obstacles,27,27,0,8.259,1.0,0.9354,1.5944,213.82,1,3.245
TC-CBF,static_obstacles,28,28,0,11.569,1.0,0.9268,2.2073,215.8,1,2.301
TC-CBF,static_obstacles,29,29,0,11.205,1.0,0.9044,2.1631,221.14,1,2.503
TC-CBF,static_obstacles,30,30,0,10.95,1.0,0.9222,2.1434,216.87,1,2.341
TC-CBF,static_obstacles,31,31,0,9.948,1.0,0.8949,1.9869,223.49,1,2.624
TC-CBF,static_obstacles,32,32,0,11.209,1.0,0.8908,2.0276,224.51,1,2.655
TC-CBF,static_obstacles,33,33,0,11.626,1.0,0.8934,2.0671,223.85,1,2.604
TC-CBF,static_obstacles,34,34,0,12.137,1.0,0.9279,2.2654,215.53,1,2.196
TC-CBF,static_obstacles,35,35,0,9.735,1.0,0.9369,2.1014,213.46,1,2.394
TC-CBF,static_obstacles,36,36,0,10.377,1.0,0.9041,2.0531,221.21,1,2.544
TC-CBF,static_obstacles,37,37,0,9.289,1.0,0.9015,1.9032,221.86,1,2.769
TC-CBF,static_obstacles,38,38,0,9.629,1.0,0.9174,1.985,218.01,1,2.518
TC-CBF,static_obstacles,39,39,0,11.117,1.0,0.9082,2.12,220.22,1,2.406
TC-CBF,static_obstacles,40,40,0,11.778,1.0,0.9331,2.2999,214.33,1,2.33
TC-CBF,static_obstacles,41,41,0,12.685,1.0,0.9455,2.2947,211.54,1,2.119
TC-CBF,static_obstacles,42,42,0,12.737,1.0,0.9394,2.2942,212.89,1,2.222
TC-CBF,static_obstacles,43,43,0,9.919,1.0,0.8628,1.6515,231.81,1,3.297
TC-CBF,static_obstacles,44,44,0,10.366,1.0,0.8732,1.9824,229.05,1,2.859
TC-CBF,static_obstacles,45,45,0,9.599,1.0,0.9311,2.1345,214.8,1,2.392
TC-CBF,static_obstacles,46,46,0,11.331,1.0,0.8897,2.0982,224.79,1,2.492
TC-CBF,static_obstacles,47,47,0,10.165,1.0,0.9006,2.012,222.09,1,2.571
TC-CBF,static_obstacles,48,48,0,11.258,1.0,0.9114,2.1184,219.44,1,2.487
TC-CBF,static_obstacles,49,49,0,12.333,1.0,0.9222,2.203,216.87,1,2.289
